GF low,GF high,O2,depth,stop_depth,min_duration
10,10,21,14,3,24
10,10,21,14,6,24
10,10,21,14,9,48
10,10,21,27,3,24
10,10,21,27,6,24
10,10,21,27,9,24
10,10,21,27,12,24
10,10,21,27,15,24
10,10,21,39,3,24
10,10,21,39,6,24
10,10,21,39,9,24
10,10,21,39,12,24
10,10,21,39,15,24
10,10,21,52,3,24
10,10,21,52,6,24
10,10,21,52,9,24
10,10,21,52,12,24
10,10,21,52,15,24
10,10,21,65,3,24
10,10,21,65,6,24
10,10,21,65,9,24
10,10,21,65,12,24
10,10,21,65,15,24
10,10,25,14,3,24
10,10,25,14,6,24
10,10,25,14,9,120
10,10,25,27,3,24
10,10,25,27,6,24
10,10,25,27,9,24
10,10,25,27,12,24
10,10,25,27,15,24
10,10,25,39,3,24
10,10,25,39,6,24
10,10,25,39,9,24
10,10,25,39,12,24
10,10,25,39,15,24
10,10,25,52,3,24
10,10,25,52,6,24
10,10,25,52,9,24
10,10,25,52,12,24
10,10,25,52,15,24
10,10,25,65,3,24
10,10,25,65,6,24
10,10,25,65,9,24
10,10,25,65,12,24
10,10,25,65,15,24
10,10,29,14,3,24
10,10,29,14,6,24
10,10,29,27,3,24
10,10,29,27,6,24
10,10,29,27,9,24
10,10,29,27,12,24
10,10,29,27,15,48
10,10,29,39,3,24
10,10,29,39,6,24
10,10,29,39,9,24
10,10,29,39,12,24
10,10,29,39,15,24
10,10,29,52,3,24
10,10,29,52,6,24
10,10,29,52,9,24
10,10,29,52,12,24
10,10,29,52,15,24
10,10,29,65,3,24
10,10,29,65,6,24
10,10,29,65,9,24
10,10,29,65,12,24
10,10,29,65,15,24
10,10,32,14,3,24
10,10,32,14,6,24
10,10,32,27,3,24
10,10,32,27,6,24
10,10,32,27,9,24
10,10,32,27,12,24
10,10,32,27,15,72
10,10,32,39,3,24
10,10,32,39,6,24
10,10,32,39,9,24
10,10,32,39,12,24
10,10,32,39,15,24
10,10,32,52,3,24
10,10,32,52,6,24
10,10,32,52,9,24
10,10,32,52,12,24
10,10,32,52,15,24
10,10,32,65,3,24
10,10,32,65,6,24
10,10,32,65,9,24
10,10,32,65,12,24
10,10,32,65,15,24
10,10,36,14,3,24
10,10,36,14,6,72
10,10,36,27,3,24
10,10,36,27,6,24
10,10,36,27,9,24
10,10,36,27,12,24
10,10,36,39,3,24
10,10,36,39,6,24
10,10,36,39,9,24
10,10,36,39,12,24
10,10,36,39,15,24
10,10,36,52,3,24
10,10,36,52,6,24
10,10,36,52,9,24
10,10,36,52,12,24
10,10,36,52,15,24
10,10,36,65,3,24
10,10,36,65,6,24
10,10,36,65,9,24
10,10,36,65,12,24
10,10,36,65,15,24
10,10,40,14,3,24
10,10,40,27,3,24
10,10,40,27,6,24
10,10,40,27,9,24
10,10,40,27,12,48
10,10,40,39,3,24
10,10,40,39,6,24
10,10,40,39,9,24
10,10,40,39,12,24
10,10,40,39,15,24
10,10,40,52,3,24
10,10,40,52,6,24
10,10,40,52,9,24
10,10,40,52,12,24
10,10,40,52,15,24
10,10,40,65,3,24
10,10,40,65,6,24
10,10,40,65,9,24
10,10,40,65,12,24
10,10,40,65,15,24
10,28,21,14,3,24
10,28,21,14,6,24
10,28,21,14,9,48
10,28,21,27,3,24
10,28,21,27,6,24
10,28,21,27,9,24
10,28,21,27,12,24
10,28,21,27,15,24
10,28,21,39,3,24
10,28,21,39,6,24
10,28,21,39,9,24
10,28,21,39,12,24
10,28,21,39,15,24
10,28,21,52,3,24
10,28,21,52,6,24
10,28,21,52,9,24
10,28,21,52,12,24
10,28,21,52,15,24
10,28,21,65,3,24
10,28,21,65,6,24
10,28,21,65,9,24
10,28,21,65,12,24
10,28,21,65,15,24
10,28,25,14,3,24
10,28,25,14,6,24
10,28,25,14,9,120
10,28,25,27,3,24
10,28,25,27,6,24
10,28,25,27,9,24
10,28,25,27,12,24
10,28,25,27,15,24
10,28,25,39,3,24
10,28,25,39,6,24
10,28,25,39,9,24
10,28,25,39,12,24
10,28,25,39,15,24
10,28,25,52,3,24
10,28,25,52,6,24
10,28,25,52,9,24
10,28,25,52,12,24
10,28,25,52,15,24
10,28,25,65,3,24
10,28,25,65,6,24
10,28,25,65,9,24
10,28,25,65,12,24
10,28,25,65,15,24
10,28,29,14,3,24
10,28,29,14,6,24
10,28,29,27,3,24
10,28,29,27,6,24
10,28,29,27,9,24
10,28,29,27,12,24
10,28,29,27,15,48
10,28,29,39,3,24
10,28,29,39,6,24
10,28,29,39,9,24
10,28,29,39,12,24
10,28,29,39,15,24
10,28,29,52,3,24
10,28,29,52,6,24
10,28,29,52,9,24
10,28,29,52,12,24
10,28,29,52,15,24
10,28,29,65,3,24
10,28,29,65,6,24
10,28,29,65,9,24
10,28,29,65,12,24
10,28,29,65,15,24
10,28,32,14,3,48
10,28,32,14,6,24
10,28,32,27,3,24
10,28,32,27,6,24
10,28,32,27,9,24
10,28,32,27,12,24
10,28,32,27,15,72
10,28,32,39,3,24
10,28,32,39,6,24
10,28,32,39,9,24
10,28,32,39,12,24
10,28,32,39,15,24
10,28,32,52,3,24
10,28,32,52,6,24
10,28,32,52,9,24
10,28,32,52,12,24
10,28,32,52,15,24
10,28,32,65,3,24
10,28,32,65,6,24
10,28,32,65,9,24
10,28,32,65,12,24
10,28,32,65,15,24
10,28,36,14,3,48
10,28,36,14,6,72
10,28,36,27,3,24
10,28,36,27,6,24
10,28,36,27,9,24
10,28,36,27,12,24
10,28,36,39,3,24
10,28,36,39,6,24
10,28,36,39,9,24
10,28,36,39,12,24
10,28,36,39,15,24
10,28,36,52,3,24
10,28,36,52,6,24
10,28,36,52,9,24
10,28,36,52,12,24
10,28,36,52,15,24
10,28,36,65,3,24
10,28,36,65,6,24
10,28,36,65,9,24
10,28,36,65,12,24
10,28,36,65,15,24
10,28,40,14,3,72
10,28,40,27,3,24
10,28,40,27,6,24
10,28,40,27,9,24
10,28,40,27,12,48
10,28,40,39,3,24
10,28,40,39,6,24
10,28,40,39,9,24
10,28,40,39,12,24
10,28,40,39,15,24
10,28,40,52,3,24
10,28,40,52,6,24
10,28,40,52,9,24
10,28,40,52,12,24
10,28,40,52,15,24
10,28,40,65,3,24
10,28,40,65,6,24
10,28,40,65,9,24
10,28,40,65,12,24
10,28,40,65,15,24
10,46,21,14,3,48
10,46,21,14,6,24
10,46,21,14,9,48
10,46,21,27,3,24
10,46,21,27,6,24
10,46,21,27,9,24
10,46,21,27,12,24
10,46,21,27,15,24
10,46,21,39,3,24
10,46,21,39,6,24
10,46,21,39,9,24
10,46,21,39,12,24
10,46,21,39,15,24
10,46,21,52,3,24
10,46,21,52,6,24
10,46,21,52,9,24
10,46,21,52,12,24
10,46,21,52,15,24
10,46,21,65,3,24
10,46,21,65,6,24
10,46,21,65,9,24
10,46,21,65,12,24
10,46,21,65,15,24
10,46,25,14,3,48
10,46,25,14,6,24
10,46,25,14,9,120
10,46,25,27,3,24
10,46,25,27,6,24
10,46,25,27,9,24
10,46,25,27,12,48
10,46,25,27,15,24
10,46,25,39,3,24
10,46,25,39,6,24
10,46,25,39,9,24
10,46,25,39,12,24
10,46,25,39,15,24
10,46,25,52,3,24
10,46,25,52,6,24
10,46,25,52,9,24
10,46,25,52,12,24
10,46,25,52,15,24
10,46,25,65,3,24
10,46,25,65,6,24
10,46,25,65,9,24
10,46,25,65,12,24
10,46,25,65,15,24
10,46,29,14,3,48
10,46,29,14,6,24
10,46,29,27,3,24
10,46,29,27,6,24
10,46,29,27,9,24
10,46,29,27,12,24
10,46,29,27,15,48
10,46,29,39,3,24
10,46,29,39,6,24
10,46,29,39,9,24
10,46,29,39,12,24
10,46,29,39,15,24
10,46,29,52,3,24
10,46,29,52,6,24
10,46,29,52,9,24
10,46,29,52,12,24
10,46,29,52,15,24
10,46,29,65,3,24
10,46,29,65,6,24
10,46,29,65,9,24
10,46,29,65,12,24
10,46,29,65,15,24
10,46,32,14,3,72
10,46,32,14,6,24
10,46,32,27,3,24
10,46,32,27,6,24
10,46,32,27,9,24
10,46,32,27,12,24
10,46,32,27,15,72
10,46,32,39,3,24
10,46,32,39,6,24
10,46,32,39,9,24
10,46,32,39,12,24
10,46,32,39,15,24
10,46,32,52,3,24
10,46,32,52,6,24
10,46,32,52,9,24
10,46,32,52,12,24
10,46,32,52,15,24
10,46,32,65,3,24
10,46,32,65,6,24
10,46,32,65,9,24
10,46,32,65,12,24
10,46,32,65,15,24
10,46,36,14,3,96
10,46,36,14,6,72
10,46,36,27,3,24
10,46,36,27,6,24
10,46,36,27,9,48
10,46,36,27,12,24
10,46,36,39,3,24
10,46,36,39,6,24
10,46,36,39,9,24
10,46,36,39,12,24
10,46,36,39,15,48
10,46,36,52,3,24
10,46,36,52,6,24
10,46,36,52,9,24
10,46,36,52,12,24
10,46,36,52,15,24
10,46,36,65,3,24
10,46,36,65,6,24
10,46,36,65,9,24
10,46,36,65,12,24
10,46,36,65,15,24
10,46,40,14,3,120
10,46,40,27,3,24
10,46,40,27,6,24
10,46,40,27,9,24
10,46,40,27,12,48
10,46,40,39,3,24
10,46,40,39,6,24
10,46,40,39,9,24
10,46,40,39,12,24
10,46,40,39,15,24
10,46,40,52,3,24
10,46,40,52,6,24
10,46,40,52,9,24
10,46,40,52,12,24
10,46,40,52,15,24
10,46,40,65,3,24
10,46,40,65,6,24
10,46,40,65,9,24
10,46,40,65,12,24
10,46,40,65,15,24
10,64,21,14,3,72
10,64,21,14,6,24
10,64,21,14,9,48
10,64,21,27,3,24
10,64,21,27,6,24
10,64,21,27,9,24
10,64,21,27,12,48
10,64,21,27,15,24
10,64,21,39,3,24
10,64,21,39,6,24
10,64,21,39,9,24
10,64,21,39,12,24
10,64,21,39,15,24
10,64,21,52,3,24
10,64,21,52,6,24
10,64,21,52,9,24
10,64,21,52,12,24
10,64,21,52,15,24
10,64,21,65,3,24
10,64,21,65,6,24
10,64,21,65,9,24
10,64,21,65,12,24
10,64,21,65,15,24
10,64,25,14,3,72
10,64,25,14,6,24
10,64,25,14,9,120
10,64,25,27,3,24
10,64,25,27,6,24
10,64,25,27,9,48
10,64,25,27,12,48
10,64,25,27,15,24
10,64,25,39,3,24
10,64,25,39,6,24
10,64,25,39,9,24
10,64,25,39,12,24
10,64,25,39,15,24
10,64,25,52,3,24
10,64,25,52,6,24
10,64,25,52,9,24
10,64,25,52,12,24
10,64,25,52,15,24
10,64,25,65,3,24
10,64,25,65,6,24
10,64,25,65,9,24
10,64,25,65,12,24
10,64,25,65,15,24
10,64,29,14,3,96
10,64,29,14,6,24
10,64,29,27,3,24
10,64,29,27,6,24
10,64,29,27,9,48
10,64,29,27,12,24
10,64,29,27,15,48
10,64,29,39,3,24
10,64,29,39,6,24
10,64,29,39,9,24
10,64,29,39,12,24
10,64,29,39,15,48
10,64,29,52,3,24
10,64,29,52,6,24
10,64,29,52,9,24
10,64,29,52,12,24
10,64,29,52,15,24
10,64,29,65,3,24
10,64,29,65,6,24
10,64,29,65,9,24
10,64,29,65,12,24
10,64,29,65,15,24
10,64,32,14,3,120
10,64,32,14,6,24
10,64,32,27,3,24
10,64,32,27,6,48
10,64,32,27,9,48
10,64,32,27,12,24
10,64,32,27,15,72
10,64,32,39,3,24
10,64,32,39,6,24
10,64,32,39,9,24
10,64,32,39,12,24
10,64,32,39,15,48
10,64,32,52,3,24
10,64,32,52,6,24
10,64,32,52,9,24
10,64,32,52,12,24
10,64,32,52,15,24
10,64,32,65,3,24
10,64,32,65,6,24
10,64,32,65,9,24
10,64,32,65,12,24
10,64,32,65,15,24
10,64,36,14,6,72
10,64,36,27,3,48
10,64,36,27,6,48
10,64,36,27,9,72
10,64,36,27,12,24
10,64,36,39,3,24
10,64,36,39,6,24
10,64,36,39,9,24
10,64,36,39,12,48
10,64,36,39,15,48
10,64,36,52,3,24
10,64,36,52,6,24
10,64,36,52,9,24
10,64,36,52,12,24
10,64,36,52,15,24
10,64,36,65,3,24
10,64,36,65,6,24
10,64,36,65,9,24
10,64,36,65,12,24
10,64,36,65,15,24
10,64,40,27,3,48
10,64,40,27,6,48
10,64,40,27,9,24
10,64,40,27,12,48
10,64,40,39,3,24
10,64,40,39,6,24
10,64,40,39,9,24
10,64,40,39,12,48
10,64,40,39,15,24
10,64,40,52,3,24
10,64,40,52,6,24
10,64,40,52,9,24
10,64,40,52,12,24
10,64,40,52,15,24
10,64,40,65,3,24
10,64,40,65,6,24
10,64,40,65,9,24
10,64,40,65,12,24
10,64,40,65,15,24
10,82,21,14,3,96
10,82,21,14,6,24
10,82,21,14,9,48
10,82,21,27,3,24
10,82,21,27,6,48
10,82,21,27,9,48
10,82,21,27,12,48
10,82,21,27,15,24
10,82,21,39,3,24
10,82,21,39,6,24
10,82,21,39,9,24
10,82,21,39,12,24
10,82,21,39,15,48
10,82,21,52,3,24
10,82,21,52,6,24
10,82,21,52,9,24
10,82,21,52,12,24
10,82,21,52,15,24
10,82,21,65,3,24
10,82,21,65,6,24
10,82,21,65,9,24
10,82,21,65,12,24
10,82,21,65,15,24
10,82,25,14,3,120
10,82,25,14,6,24
10,82,25,14,9,120
10,82,25,27,3,24
10,82,25,27,6,48
10,82,25,27,9,48
10,82,25,27,12,48
10,82,25,27,15,24
10,82,25,39,3,24
10,82,25,39,6,24
10,82,25,39,9,24
10,82,25,39,12,24
10,82,25,39,15,48
10,82,25,52,3,24
10,82,25,52,6,24
10,82,25,52,9,24
10,82,25,52,12,24
10,82,25,52,15,24
10,82,25,65,3,24
10,82,25,65,6,24
10,82,25,65,9,24
10,82,25,65,12,24
10,82,25,65,15,24
10,82,29,14,6,24
10,82,29,27,3,48
10,82,29,27,6,48
10,82,29,27,9,72
10,82,29,27,12,24
10,82,29,27,15,48
10,82,29,39,3,24
10,82,29,39,6,24
10,82,29,39,9,24
10,82,29,39,12,48
10,82,29,39,15,48
10,82,29,52,3,24
10,82,29,52,6,24
10,82,29,52,9,24
10,82,29,52,12,24
10,82,29,52,15,24
10,82,29,65,3,24
10,82,29,65,6,24
10,82,29,65,9,24
10,82,29,65,12,24
10,82,29,65,15,24
10,82,32,14,6,24
10,82,32,27,3,48
10,82,32,27,6,48
10,82,32,27,9,72
10,82,32,27,12,24
10,82,32,27,15,72
10,82,32,39,3,24
10,82,32,39,6,24
10,82,32,39,9,24
10,82,32,39,12,48
10,82,32,39,15,48
10,82,32,52,3,24
10,82,32,52,6,24
10,82,32,52,9,24
10,82,32,52,12,24
10,82,32,52,15,24
10,82,32,65,3,24
10,82,32,65,6,24
10,82,32,65,9,24
10,82,32,65,12,24
10,82,32,65,15,24
10,82,36,14,6,72
10,82,36,27,3,48
10,82,36,27,6,72
10,82,36,27,9,72
10,82,36,27,12,24
10,82,36,39,3,24
10,82,36,39,6,24
10,82,36,39,9,48
10,82,36,39,12,48
10,82,36,39,15,48
10,82,36,52,3,24
10,82,36,52,6,24
10,82,36,52,9,24
10,82,36,52,12,24
10,82,36,52,15,48
10,82,36,65,3,24
10,82,36,65,6,24
10,82,36,65,9,24
10,82,36,65,12,24
10,82,36,65,15,24
10,82,40,27,3,48
10,82,40,27,6,72
10,82,40,27,9,24
10,82,40,27,12,48
10,82,40,39,3,24
10,82,40,39,6,48
10,82,40,39,9,48
10,82,40,39,12,72
10,82,40,39,15,24
10,82,40,52,3,24
10,82,40,52,6,24
10,82,40,52,9,24
10,82,40,52,12,48
10,82,40,52,15,48
10,82,40,65,3,24
10,82,40,65,6,24
10,82,40,65,9,24
10,82,40,65,12,24
10,82,40,65,15,24
10,100,21,14,3,120
10,100,21,14,6,24
10,100,21,14,9,48
10,100,21,27,3,48
10,100,21,27,6,48
10,100,21,27,9,48
10,100,21,27,12,72
10,100,21,27,15,24
10,100,21,39,3,24
10,100,21,39,6,24
10,100,21,39,9,24
10,100,21,39,12,48
10,100,21,39,15,48
10,100,21,52,3,24
10,100,21,52,6,24
10,100,21,52,9,24
10,100,21,52,12,24
10,100,21,52,15,24
10,100,21,65,3,24
10,100,21,65,6,24
10,100,21,65,9,24
10,100,21,65,12,24
10,100,21,65,15,24
10,100,25,14,6,24
10,100,25,14,9,120
10,100,25,27,3,48
10,100,25,27,6,48
10,100,25,27,9,72
10,100,25,27,12,72
10,100,25,27,15,24
10,100,25,39,3,24
10,100,25,39,6,24
10,100,25,39,9,48
10,100,25,39,12,48
10,100,25,39,15,48
10,100,25,52,3,24
10,100,25,52,6,24
10,100,25,52,9,24
10,100,25,52,12,24
10,100,25,52,15,24
10,100,25,65,3,24
10,100,25,65,6,24
10,100,25,65,9,24
10,100,25,65,12,24
10,100,25,65,15,24
10,100,29,14,6,24
10,100,29,27,3,48
10,100,29,27,6,72
10,100,29,27,9,72
10,100,29,27,12,24
10,100,29,27,15,48
10,100,29,39,3,24
10,100,29,39,6,24
10,100,29,39,9,48
10,100,29,39,12,48
10,100,29,39,15,48
10,100,29,52,3,24
10,100,29,52,6,24
10,100,29,52,9,24
10,100,29,52,12,24
10,100,29,52,15,48
10,100,29,65,3,24
10,100,29,65,6,24
10,100,29,65,9,24
10,100,29,65,12,24
10,100,29,65,15,24
10,100,32,14,6,24
10,100,32,27,3,48
10,100,32,27,6,72
10,100,32,27,9,96
10,100,32,27,12,24
10,100,32,27,15,72
10,100,32,39,3,24
10,100,32,39,6,48
10,100,32,39,9,48
10,100,32,39,12,48
10,100,32,39,15,72
10,100,32,52,3,24
10,100,32,52,6,24
10,100,32,52,9,24
10,100,32,52,12,48
10,100,32,52,15,48
10,100,32,65,3,24
10,100,32,65,6,24
10,100,32,65,9,24
10,100,32,65,12,24
10,100,32,65,15,24
10,100,36,14,6,72
10,100,36,27,3,72
10,100,36,27,6,72
10,100,36,27,9,96
10,100,36,27,12,24
10,100,36,39,3,48
10,100,36,39,6,48
10,100,36,39,9,48
10,100,36,39,12,48
10,100,36,39,15,96
10,100,36,52,3,24
10,100,36,52,6,24
10,100,36,52,9,24
10,100,36,52,12,48
10,100,36,52,15,48
10,100,36,65,3,24
10,100,36,65,6,24
10,100,36,65,9,24
10,100,36,65,12,24
10,100,36,65,15,24
10,100,40,27,3,72
10,100,40,27,6,96
10,100,40,27,9,24
10,100,40,27,12,48
10,100,40,39,3,48
10,100,40,39,6,48
10,100,40,39,9,72
10,100,40,39,12,72
10,100,40,39,15,24
10,100,40,52,3,24
10,100,40,52,6,24
10,100,40,52,9,48
10,100,40,52,12,48
10,100,40,52,15,48
10,100,40,65,3,24
10,100,40,65,6,24
10,100,40,65,9,24
10,100,40,65,12,24
10,100,40,65,15,48
28,10,21,14,3,24
28,10,21,14,6,48
28,10,21,27,3,24
28,10,21,27,6,24
28,10,21,27,9,24
28,10,21,27,12,24
28,10,21,27,15,48
28,10,21,39,3,24
28,10,21,39,6,24
28,10,21,39,9,24
28,10,21,39,12,24
28,10,21,39,15,24
28,10,21,52,3,24
28,10,21,52,6,24
28,10,21,52,9,24
28,10,21,52,12,24
28,10,21,52,15,24
28,10,21,65,3,24
28,10,21,65,6,24
28,10,21,65,9,24
28,10,21,65,12,24
28,10,21,65,15,24
28,10,25,14,3,24
28,10,25,14,6,72
28,10,25,27,3,24
28,10,25,27,6,24
28,10,25,27,9,24
28,10,25,27,12,48
28,10,25,27,15,96
28,10,25,39,3,24
28,10,25,39,6,24
28,10,25,39,9,24
28,10,25,39,12,24
28,10,25,39,15,24
28,10,25,52,3,24
28,10,25,52,6,24
28,10,25,52,9,24
28,10,25,52,12,24
28,10,25,52,15,24
28,10,25,65,3,24
28,10,25,65,6,24
28,10,25,65,9,24
28,10,25,65,12,24
28,10,25,65,15,24
28,10,29,14,3,24
28,10,29,14,6,96
28,10,29,27,3,24
28,10,29,27,6,24
28,10,29,27,9,24
28,10,29,27,12,48
28,10,29,39,3,24
28,10,29,39,6,24
28,10,29,39,9,24
28,10,29,39,12,24
28,10,29,39,15,24
28,10,29,52,3,24
28,10,29,52,6,24
28,10,29,52,9,24
28,10,29,52,12,24
28,10,29,52,15,24
28,10,29,65,3,24
28,10,29,65,6,24
28,10,29,65,9,24
28,10,29,65,12,24
28,10,29,65,15,24
28,10,32,14,3,24
28,10,32,27,3,24
28,10,32,27,6,24
28,10,32,27,9,24
28,10,32,27,12,72
28,10,32,39,3,24
28,10,32,39,6,24
28,10,32,39,9,24
28,10,32,39,12,24
28,10,32,39,15,24
28,10,32,52,3,24
28,10,32,52,6,24
28,10,32,52,9,24
28,10,32,52,12,24
28,10,32,52,15,24
28,10,32,65,3,24
28,10,32,65,6,24
28,10,32,65,9,24
28,10,32,65,12,24
28,10,32,65,15,24
28,10,36,14,3,24
28,10,36,27,3,24
28,10,36,27,6,24
28,10,36,27,9,48
28,10,36,27,12,120
28,10,36,39,3,24
28,10,36,39,6,24
28,10,36,39,9,24
28,10,36,39,12,24
28,10,36,39,15,48
28,10,36,52,3,24
28,10,36,52,6,24
28,10,36,52,9,24
28,10,36,52,12,24
28,10,36,52,15,24
28,10,36,65,3,24
28,10,36,65,6,24
28,10,36,65,9,24
28,10,36,65,12,24
28,10,36,65,15,24
28,10,40,14,3,24
28,10,40,27,3,24
28,10,40,27,6,24
28,10,40,27,9,48
28,10,40,39,3,24
28,10,40,39,6,24
28,10,40,39,9,24
28,10,40,39,12,24
28,10,40,39,15,72
28,10,40,52,3,24
28,10,40,52,6,24
28,10,40,52,9,24
28,10,40,52,12,24
28,10,40,52,15,24
28,10,40,65,3,24
28,10,40,65,6,24
28,10,40,65,9,24
28,10,40,65,12,24
28,10,40,65,15,24
28,28,21,14,3,24
28,28,21,14,6,48
28,28,21,27,3,24
28,28,21,27,6,24
28,28,21,27,9,24
28,28,21,27,12,24
28,28,21,27,15,48
28,28,21,39,3,24
28,28,21,39,6,24
28,28,21,39,9,24
28,28,21,39,12,24
28,28,21,39,15,24
28,28,21,52,3,24
28,28,21,52,6,24
28,28,21,52,9,24
28,28,21,52,12,24
28,28,21,52,15,24
28,28,21,65,3,24
28,28,21,65,6,24
28,28,21,65,9,24
28,28,21,65,12,24
28,28,21,65,15,24
28,28,25,14,3,24
28,28,25,14,6,72
28,28,25,27,3,24
28,28,25,27,6,24
28,28,25,27,9,24
28,28,25,27,12,48
28,28,25,27,15,96
28,28,25,39,3,24
28,28,25,39,6,24
28,28,25,39,9,24
28,28,25,39,12,24
28,28,25,39,15,24
28,28,25,52,3,24
28,28,25,52,6,24
28,28,25,52,9,24
28,28,25,52,12,24
28,28,25,52,15,24
28,28,25,65,3,24
28,28,25,65,6,24
28,28,25,65,9,24
28,28,25,65,12,24
28,28,25,65,15,24
28,28,29,14,3,24
28,28,29,14,6,96
28,28,29,27,3,24
28,28,29,27,6,24
28,28,29,27,9,24
28,28,29,27,12,48
28,28,29,39,3,24
28,28,29,39,6,24
28,28,29,39,9,24
28,28,29,39,12,24
28,28,29,39,15,24
28,28,29,52,3,24
28,28,29,52,6,24
28,28,29,52,9,24
28,28,29,52,12,24
28,28,29,52,15,24
28,28,29,65,3,24
28,28,29,65,6,24
28,28,29,65,9,24
28,28,29,65,12,24
28,28,29,65,15,24
28,28,32,14,3,24
28,28,32,27,3,24
28,28,32,27,6,24
28,28,32,27,9,24
28,28,32,27,12,72
28,28,32,39,3,24
28,28,32,39,6,24
28,28,32,39,9,24
28,28,32,39,12,24
28,28,32,39,15,24
28,28,32,52,3,24
28,28,32,52,6,24
28,28,32,52,9,24
28,28,32,52,12,24
28,28,32,52,15,24
28,28,32,65,3,24
28,28,32,65,6,24
28,28,32,65,9,24
28,28,32,65,12,24
28,28,32,65,15,24
28,28,36,14,3,48
28,28,36,27,3,24
28,28,36,27,6,24
28,28,36,27,9,48
28,28,36,27,12,120
28,28,36,39,3,24
28,28,36,39,6,24
28,28,36,39,9,24
28,28,36,39,12,24
28,28,36,39,15,48
28,28,36,52,3,24
28,28,36,52,6,24
28,28,36,52,9,24
28,28,36,52,12,24
28,28,36,52,15,24
28,28,36,65,3,24
28,28,36,65,6,24
28,28,36,65,9,24
28,28,36,65,12,24
28,28,36,65,15,24
28,28,40,14,3,72
28,28,40,27,3,24
28,28,40,27,6,24
28,28,40,27,9,48
28,28,40,39,3,24
28,28,40,39,6,24
28,28,40,39,9,24
28,28,40,39,12,24
28,28,40,39,15,72
28,28,40,52,3,24
28,28,40,52,6,24
28,28,40,52,9,24
28,28,40,52,12,24
28,28,40,52,15,24
28,28,40,65,3,24
28,28,40,65,6,24
28,28,40,65,9,24
28,28,40,65,12,24
28,28,40,65,15,24
28,46,21,14,3,48
28,46,21,14,6,48
28,46,21,27,3,24
28,46,21,27,6,24
28,46,21,27,9,24
28,46,21,27,12,24
28,46,21,27,15,48
28,46,21,39,3,24
28,46,21,39,6,24
28,46,21,39,9,24
28,46,21,39,12,24
28,46,21,39,15,24
28,46,21,52,3,24
28,46,21,52,6,24
28,46,21,52,9,24
28,46,21,52,12,24
28,46,21,52,15,24
28,46,21,65,3,24
28,46,21,65,6,24
28,46,21,65,9,24
28,46,21,65,12,24
28,46,21,65,15,24
28,46,25,14,3,48
28,46,25,14,6,72
28,46,25,27,3,24
28,46,25,27,6,24
28,46,25,27,9,24
28,46,25,27,12,48
28,46,25,27,15,96
28,46,25,39,3,24
28,46,25,39,6,24
28,46,25,39,9,24
28,46,25,39,12,24
28,46,25,39,15,24
28,46,25,52,3,24
28,46,25,52,6,24
28,46,25,52,9,24
28,46,25,52,12,24
28,46,25,52,15,24
28,46,25,65,3,24
28,46,25,65,6,24
28,46,25,65,9,24
28,46,25,65,12,24
28,46,25,65,15,24
28,46,29,14,3,48
28,46,29,14,6,96
28,46,29,27,3,24
28,46,29,27,6,24
28,46,29,27,9,24
28,46,29,27,12,48
28,46,29,39,3,24
28,46,29,39,6,24
28,46,29,39,9,24
28,46,29,39,12,24
28,46,29,39,15,24
28,46,29,52,3,24
28,46,29,52,6,24
28,46,29,52,9,24
28,46,29,52,12,24
28,46,29,52,15,24
28,46,29,65,3,24
28,46,29,65,6,24
28,46,29,65,9,24
28,46,29,65,12,24
28,46,29,65,15,24
28,46,32,14,3,72
28,46,32,27,3,24
28,46,32,27,6,24
28,46,32,27,9,24
28,46,32,27,12,72
28,46,32,39,3,24
28,46,32,39,6,24
28,46,32,39,9,24
28,46,32,39,12,24
28,46,32,39,15,24
28,46,32,52,3,24
28,46,32,52,6,24
28,46,32,52,9,24
28,46,32,52,12,24
28,46,32,52,15,24
28,46,32,65,3,24
28,46,32,65,6,24
28,46,32,65,9,24
28,46,32,65,12,24
28,46,32,65,15,24
28,46,36,14,3,96
28,46,36,27,3,24
28,46,36,27,6,24
28,46,36,27,9,48
28,46,36,27,12,120
28,46,36,39,3,24
28,46,36,39,6,24
28,46,36,39,9,24
28,46,36,39,12,24
28,46,36,39,15,48
28,46,36,52,3,24
28,46,36,52,6,24
28,46,36,52,9,24
28,46,36,52,12,24
28,46,36,52,15,24
28,46,36,65,3,24
28,46,36,65,6,24
28,46,36,65,9,24
28,46,36,65,12,24
28,46,36,65,15,24
28,46,40,14,3,120
28,46,40,27,3,24
28,46,40,27,6,24
28,46,40,27,9,48
28,46,40,39,3,24
28,46,40,39,6,24
28,46,40,39,9,24
28,46,40,39,12,24
28,46,40,39,15,72
28,46,40,52,3,24
28,46,40,52,6,24
28,46,40,52,9,24
28,46,40,52,12,24
28,46,40,52,15,24
28,46,40,65,3,24
28,46,40,65,6,24
28,46,40,65,9,24
28,46,40,65,12,24
28,46,40,65,15,24
28,64,21,14,3,72
28,64,21,14,6,48
28,64,21,27,3,24
28,64,21,27,6,24
28,64,21,27,9,24
28,64,21,27,12,24
28,64,21,27,15,48
28,64,21,39,3,24
28,64,21,39,6,24
28,64,21,39,9,24
28,64,21,39,12,24
28,64,21,39,15,24
28,64,21,52,3,24
28,64,21,52,6,24
28,64,21,52,9,24
28,64,21,52,12,24
28,64,21,52,15,24
28,64,21,65,3,24
28,64,21,65,6,24
28,64,21,65,9,24
28,64,21,65,12,24
28,64,21,65,15,24
28,64,25,14,3,72
28,64,25,14,6,72
28,64,25,27,3,24
28,64,25,27,6,24
28,64,25,27,9,24
28,64,25,27,12,48
28,64,25,27,15,96
28,64,25,39,3,24
28,64,25,39,6,24
28,64,25,39,9,24
28,64,25,39,12,24
28,64,25,39,15,24
28,64,25,52,3,24
28,64,25,52,6,24
28,64,25,52,9,24
28,64,25,52,12,24
28,64,25,52,15,24
28,64,25,65,3,24
28,64,25,65,6,24
28,64,25,65,9,24
28,64,25,65,12,24
28,64,25,65,15,24
28,64,29,14,3,96
28,64,29,14,6,96
28,64,29,27,3,24
28,64,29,27,6,24
28,64,29,27,9,24
28,64,29,27,12,48
28,64,29,39,3,24
28,64,29,39,6,24
28,64,29,39,9,24
28,64,29,39,12,24
28,64,29,39,15,24
28,64,29,52,3,24
28,64,29,52,6,24
28,64,29,52,9,24
28,64,29,52,12,24
28,64,29,52,15,24
28,64,29,65,3,24
28,64,29,65,6,24
28,64,29,65,9,24
28,64,29,65,12,24
28,64,29,65,15,24
28,64,32,14,3,120
28,64,32,27,3,24
28,64,32,27,6,48
28,64,32,27,9,24
28,64,32,27,12,72
28,64,32,39,3,24
28,64,32,39,6,24
28,64,32,39,9,24
28,64,32,39,12,24
28,64,32,39,15,24
28,64,32,52,3,24
28,64,32,52,6,24
28,64,32,52,9,24
28,64,32,52,12,24
28,64,32,52,15,24
28,64,32,65,3,24
28,64,32,65,6,24
28,64,32,65,9,24
28,64,32,65,12,24
28,64,32,65,15,24
28,64,36,27,3,24
28,64,36,27,6,24
28,64,36,27,9,48
28,64,36,27,12,120
28,64,36,39,3,24
28,64,36,39,6,24
28,64,36,39,9,24
28,64,36,39,12,24
28,64,36,39,15,48
28,64,36,52,3,24
28,64,36,52,6,24
28,64,36,52,9,24
28,64,36,52,12,24
28,64,36,52,15,24
28,64,36,65,3,24
28,64,36,65,6,24
28,64,36,65,9,24
28,64,36,65,12,24
28,64,36,65,15,24
28,64,40,27,3,48
28,64,40,27,6,24
28,64,40,27,9,48
28,64,40,39,3,24
28,64,40,39,6,24
28,64,40,39,9,48
28,64,40,39,12,24
28,64,40,39,15,72
28,64,40,52,3,24
28,64,40,52,6,24
28,64,40,52,9,24
28,64,40,52,12,24
28,64,40,52,15,24
28,64,40,65,3,24
28,64,40,65,6,24
28,64,40,65,9,24
28,64,40,65,12,24
28,64,40,65,15,24
28,82,21,14,3,96
28,82,21,14,6,48
28,82,21,27,3,24
28,82,21,27,6,48
28,82,21,27,9,48
28,82,21,27,12,24
28,82,21,27,15,48
28,82,21,39,3,24
28,82,21,39,6,24
28,82,21,39,9,24
28,82,21,39,12,24
28,82,21,39,15,24
28,82,21,52,3,24
28,82,21,52,6,24
28,82,21,52,9,24
28,82,21,52,12,24
28,82,21,52,15,24
28,82,21,65,3,24
28,82,21,65,6,24
28,82,21,65,9,24
28,82,21,65,12,24
28,82,21,65,15,24
28,82,25,14,3,120
28,82,25,14,6,72
28,82,25,27,3,24
28,82,25,27,6,48
28,82,25,27,9,24
28,82,25,27,12,48
28,82,25,27,15,96
28,82,25,39,3,24
28,82,25,39,6,24
28,82,25,39,9,24
28,82,25,39,12,24
28,82,25,39,15,48
28,82,25,52,3,24
28,82,25,52,6,24
28,82,25,52,9,24
28,82,25,52,12,24
28,82,25,52,15,24
28,82,25,65,3,24
28,82,25,65,6,24
28,82,25,65,9,24
28,82,25,65,12,24
28,82,25,65,15,24
28,82,29,14,6,96
28,82,29,27,3,48
28,82,29,27,6,48
28,82,29,27,9,24
28,82,29,27,12,48
28,82,29,39,3,24
28,82,29,39,6,24
28,82,29,39,9,24
28,82,29,39,12,48
28,82,29,39,15,24
28,82,29,52,3,24
28,82,29,52,6,24
28,82,29,52,9,24
28,82,29,52,12,24
28,82,29,52,15,24
28,82,29,65,3,24
28,82,29,65,6,24
28,82,29,65,9,24
28,82,29,65,12,24
28,82,29,65,15,24
28,82,32,27,3,48
28,82,32,27,6,48
28,82,32,27,9,24
28,82,32,27,12,72
28,82,32,39,3,24
28,82,32,39,6,24
28,82,32,39,9,48
28,82,32,39,12,48
28,82,32,39,15,24
28,82,32,52,3,24
28,82,32,52,6,24
28,82,32,52,9,24
28,82,32,52,12,24
28,82,32,52,15,24
28,82,32,65,3,24
28,82,32,65,6,24
28,82,32,65,9,24
28,82,32,65,12,24
28,82,32,65,15,24
28,82,36,27,3,48
28,82,36,27,6,24
28,82,36,27,9,48
28,82,36,27,12,120
28,82,36,39,3,24
28,82,36,39,6,24
28,82,36,39,9,48
28,82,36,39,12,24
28,82,36,39,15,48
28,82,36,52,3,24
28,82,36,52,6,24
28,82,36,52,9,24
28,82,36,52,12,24
28,82,36,52,15,24
28,82,36,65,3,24
28,82,36,65,6,24
28,82,36,65,9,24
28,82,36,65,12,24
28,82,36,65,15,24
28,82,40,27,3,48
28,82,40,27,6,24
28,82,40,27,9,48
28,82,40,39,3,24
28,82,40,39,6,48
28,82,40,39,9,48
28,82,40,39,12,24
28,82,40,39,15,72
28,82,40,52,3,24
28,82,40,52,6,24
28,82,40,52,9,24
28,82,40,52,12,24
28,82,40,52,15,24
28,82,40,65,3,24
28,82,40,65,6,24
28,82,40,65,9,24
28,82,40,65,12,24
28,82,40,65,15,24
28,100,21,14,3,120
28,100,21,14,6,48
28,100,21,27,3,48
28,100,21,27,6,48
28,100,21,27,9,48
28,100,21,27,12,24
28,100,21,27,15,48
28,100,21,39,3,24
28,100,21,39,6,24
28,100,21,39,9,24
28,100,21,39,12,48
28,100,21,39,15,48
28,100,21,52,3,24
28,100,21,52,6,24
28,100,21,52,9,24
28,100,21,52,12,24
28,100,21,52,15,24
28,100,21,65,3,24
28,100,21,65,6,24
28,100,21,65,9,24
28,100,21,65,12,24
28,100,21,65,15,24
28,100,25,14,6,72
28,100,25,27,3,48
28,100,25,27,6,48
28,100,25,27,9,24
28,100,25,27,12,48
28,100,25,27,15,96
28,100,25,39,3,24
28,100,25,39,6,24
28,100,25,39,9,48
28,100,25,39,12,48
28,100,25,39,15,48
28,100,25,52,3,24
28,100,25,52,6,24
28,100,25,52,9,24
28,100,25,52,12,24
28,100,25,52,15,24
28,100,25,65,3,24
28,100,25,65,6,24
28,100,25,65,9,24
28,100,25,65,12,24
28,100,25,65,15,24
28,100,29,14,6,96
28,100,29,27,3,48
28,100,29,27,6,72
28,100,29,27,9,24
28,100,29,27,12,48
28,100,29,39,3,24
28,100,29,39,6,24
28,100,29,39,9,48
28,100,29,39,12,48
28,100,29,39,15,24
28,100,29,52,3,24
28,100,29,52,6,24
28,100,29,52,9,24
28,100,29,52,12,24
28,100,29,52,15,24
28,100,29,65,3,24
28,100,29,65,6,24
28,100,29,65,9,24
28,100,29,65,12,24
28,100,29,65,15,24
28,100,32,27,3,48
28,100,32,27,6,72
28,100,32,27,9,24
28,100,32,27,12,72
28,100,32,39,3,24
28,100,32,39,6,48
28,100,32,39,9,48
28,100,32,39,12,48
28,100,32,39,15,24
28,100,32,52,3,24
28,100,32,52,6,24
28,100,32,52,9,24
28,100,32,52,12,24
28,100,32,52,15,48
28,100,32,65,3,24
28,100,32,65,6,24
28,100,32,65,9,24
28,100,32,65,12,24
28,100,32,65,15,24
28,100,36,27,3,72
28,100,36,27,6,24
28,100,36,27,9,48
28,100,36,27,12,120
28,100,36,39,3,24
28,100,36,39,6,48
28,100,36,39,9,48
28,100,36,39,12,24
28,100,36,39,15,48
28,100,36,52,3,24
28,100,36,52,6,24
28,100,36,52,9,24
28,100,36,52,12,48
28,100,36,52,15,48
28,100,36,65,3,24
28,100,36,65,6,24
28,100,36,65,9,24
28,100,36,65,12,24
28,100,36,65,15,24
28,100,40,27,3,72
28,100,40,27,6,24
28,100,40,27,9,48
28,100,40,39,3,48
28,100,40,39,6,48
28,100,40,39,9,48
28,100,40,39,12,24
28,100,40,39,15,72
28,100,40,52,3,24
28,100,40,52,6,24
28,100,40,52,9,24
28,100,40,52,12,48
28,100,40,52,15,24
28,100,40,65,3,24
28,100,40,65,6,24
28,100,40,65,9,24
28,100,40,65,12,24
28,100,40,65,15,24
46,10,21,14,3,24
46,10,21,14,6,96
46,10,21,27,3,24
46,10,21,27,6,24
46,10,21,27,9,24
46,10,21,27,12,48
46,10,21,27,15,120
46,10,21,39,3,24
46,10,21,39,6,24
46,10,21,39,9,24
46,10,21,39,12,24
46,10,21,39,15,24
46,10,21,52,3,24
46,10,21,52,6,24
46,10,21,52,9,24
46,10,21,52,12,24
46,10,21,52,15,24
46,10,21,65,3,24
46,10,21,65,6,24
46,10,21,65,9,24
46,10,21,65,12,24
46,10,21,65,15,24
46,10,25,14,3,24
46,10,25,27,3,24
46,10,25,27,6,24
46,10,25,27,9,48
46,10,25,27,12,72
46,10,25,39,3,24
46,10,25,39,6,24
46,10,25,39,9,24
46,10,25,39,12,24
46,10,25,39,15,48
46,10,25,52,3,24
46,10,25,52,6,24
46,10,25,52,9,24
46,10,25,52,12,24
46,10,25,52,15,24
46,10,25,65,3,24
46,10,25,65,6,24
46,10,25,65,9,24
46,10,25,65,12,24
46,10,25,65,15,24
46,10,29,14,3,24
46,10,29,27,3,24
46,10,29,27,6,24
46,10,29,27,9,48
46,10,29,27,12,96
46,10,29,39,3,24
46,10,29,39,6,24
46,10,29,39,9,24
46,10,29,39,12,24
46,10,29,39,15,48
46,10,29,52,3,24
46,10,29,52,6,24
46,10,29,52,9,24
46,10,29,52,12,24
46,10,29,52,15,24
46,10,29,65,3,24
46,10,29,65,6,24
46,10,29,65,9,24
46,10,29,65,12,24
46,10,29,65,15,24
46,10,32,14,3,24
46,10,32,27,3,24
46,10,32,27,6,24
46,10,32,27,9,48
46,10,32,39,3,24
46,10,32,39,6,24
46,10,32,39,9,24
46,10,32,39,12,24
46,10,32,39,15,48
46,10,32,52,3,24
46,10,32,52,6,24
46,10,32,52,9,24
46,10,32,52,12,24
46,10,32,52,15,24
46,10,32,65,3,24
46,10,32,65,6,24
46,10,32,65,9,24
46,10,32,65,12,24
46,10,32,65,15,24
46,10,36,14,3,24
46,10,36,27,3,24
46,10,36,27,6,48
46,10,36,27,9,72
46,10,36,39,3,24
46,10,36,39,6,24
46,10,36,39,9,24
46,10,36,39,12,48
46,10,36,39,15,72
46,10,36,52,3,24
46,10,36,52,6,24
46,10,36,52,9,24
46,10,36,52,12,24
46,10,36,52,15,24
46,10,36,65,3,24
46,10,36,65,6,24
46,10,36,65,9,24
46,10,36,65,12,24
46,10,36,65,15,24
46,10,40,14,3,24
46,10,40,27,3,24
46,10,40,27,6,48
46,10,40,27,9,120
46,10,40,39,3,24
46,10,40,39,6,24
46,10,40,39,9,24
46,10,40,39,12,48
46,10,40,39,15,120
46,10,40,52,3,24
46,10,40,52,6,24
46,10,40,52,9,24
46,10,40,52,12,24
46,10,40,52,15,48
46,10,40,65,3,24
46,10,40,65,6,24
46,10,40,65,9,24
46,10,40,65,12,24
46,10,40,65,15,24
46,28,21,14,3,24
46,28,21,14,6,96
46,28,21,27,3,24
46,28,21,27,6,24
46,28,21,27,9,24
46,28,21,27,12,48
46,28,21,27,15,120
46,28,21,39,3,24
46,28,21,39,6,24
46,28,21,39,9,24
46,28,21,39,12,24
46,28,21,39,15,24
46,28,21,52,3,24
46,28,21,52,6,24
46,28,21,52,9,24
46,28,21,52,12,24
46,28,21,52,15,24
46,28,21,65,3,24
46,28,21,65,6,24
46,28,21,65,9,24
46,28,21,65,12,24
46,28,21,65,15,24
46,28,25,14,3,24
46,28,25,27,3,24
46,28,25,27,6,24
46,28,25,27,9,48
46,28,25,27,12,72
46,28,25,39,3,24
46,28,25,39,6,24
46,28,25,39,9,24
46,28,25,39,12,24
46,28,25,39,15,48
46,28,25,52,3,24
46,28,25,52,6,24
46,28,25,52,9,24
46,28,25,52,12,24
46,28,25,52,15,24
46,28,25,65,3,24
46,28,25,65,6,24
46,28,25,65,9,24
46,28,25,65,12,24
46,28,25,65,15,24
46,28,29,14,3,24
46,28,29,27,3,24
46,28,29,27,6,24
46,28,29,27,9,48
46,28,29,27,12,96
46,28,29,39,3,24
46,28,29,39,6,24
46,28,29,39,9,24
46,28,29,39,12,24
46,28,29,39,15,48
46,28,29,52,3,24
46,28,29,52,6,24
46,28,29,52,9,24
46,28,29,52,12,24
46,28,29,52,15,24
46,28,29,65,3,24
46,28,29,65,6,24
46,28,29,65,9,24
46,28,29,65,12,24
46,28,29,65,15,24
46,28,32,14,3,24
46,28,32,27,3,24
46,28,32,27,6,24
46,28,32,27,9,48
46,28,32,39,3,24
46,28,32,39,6,24
46,28,32,39,9,24
46,28,32,39,12,24
46,28,32,39,15,48
46,28,32,52,3,24
46,28,32,52,6,24
46,28,32,52,9,24
46,28,32,52,12,24
46,28,32,52,15,24
46,28,32,65,3,24
46,28,32,65,6,24
46,28,32,65,9,24
46,28,32,65,12,24
46,28,32,65,15,24
46,28,36,14,3,48
46,28,36,27,3,24
46,28,36,27,6,48
46,28,36,27,9,72
46,28,36,39,3,24
46,28,36,39,6,24
46,28,36,39,9,24
46,28,36,39,12,48
46,28,36,39,15,72
46,28,36,52,3,24
46,28,36,52,6,24
46,28,36,52,9,24
46,28,36,52,12,24
46,28,36,52,15,24
46,28,36,65,3,24
46,28,36,65,6,24
46,28,36,65,9,24
46,28,36,65,12,24
46,28,36,65,15,24
46,28,40,14,3,72
46,28,40,27,3,24
46,28,40,27,6,48
46,28,40,27,9,120
46,28,40,39,3,24
46,28,40,39,6,24
46,28,40,39,9,24
46,28,40,39,12,48
46,28,40,39,15,120
46,28,40,52,3,24
46,28,40,52,6,24
46,28,40,52,9,24
46,28,40,52,12,24
46,28,40,52,15,48
46,28,40,65,3,24
46,28,40,65,6,24
46,28,40,65,9,24
46,28,40,65,12,24
46,28,40,65,15,24
46,46,21,14,3,48
46,46,21,14,6,96
46,46,21,27,3,24
46,46,21,27,6,24
46,46,21,27,9,24
46,46,21,27,12,48
46,46,21,27,15,120
46,46,21,39,3,24
46,46,21,39,6,24
46,46,21,39,9,24
46,46,21,39,12,24
46,46,21,39,15,24
46,46,21,52,3,24
46,46,21,52,6,24
46,46,21,52,9,24
46,46,21,52,12,24
46,46,21,52,15,24
46,46,21,65,3,24
46,46,21,65,6,24
46,46,21,65,9,24
46,46,21,65,12,24
46,46,21,65,15,24
46,46,25,14,3,48
46,46,25,27,3,24
46,46,25,27,6,24
46,46,25,27,9,48
46,46,25,27,12,72
46,46,25,39,3,24
46,46,25,39,6,24
46,46,25,39,9,24
46,46,25,39,12,24
46,46,25,39,15,48
46,46,25,52,3,24
46,46,25,52,6,24
46,46,25,52,9,24
46,46,25,52,12,24
46,46,25,52,15,24
46,46,25,65,3,24
46,46,25,65,6,24
46,46,25,65,9,24
46,46,25,65,12,24
46,46,25,65,15,24
46,46,29,14,3,48
46,46,29,27,3,24
46,46,29,27,6,24
46,46,29,27,9,48
46,46,29,27,12,96
46,46,29,39,3,24
46,46,29,39,6,24
46,46,29,39,9,24
46,46,29,39,12,24
46,46,29,39,15,48
46,46,29,52,3,24
46,46,29,52,6,24
46,46,29,52,9,24
46,46,29,52,12,24
46,46,29,52,15,24
46,46,29,65,3,24
46,46,29,65,6,24
46,46,29,65,9,24
46,46,29,65,12,24
46,46,29,65,15,24
46,46,32,14,3,72
46,46,32,27,3,24
46,46,32,27,6,24
46,46,32,27,9,48
46,46,32,39,3,24
46,46,32,39,6,24
46,46,32,39,9,24
46,46,32,39,12,24
46,46,32,39,15,48
46,46,32,52,3,24
46,46,32,52,6,24
46,46,32,52,9,24
46,46,32,52,12,24
46,46,32,52,15,24
46,46,32,65,3,24
46,46,32,65,6,24
46,46,32,65,9,24
46,46,32,65,12,24
46,46,32,65,15,24
46,46,36,14,3,96
46,46,36,27,3,24
46,46,36,27,6,48
46,46,36,27,9,72
46,46,36,39,3,24
46,46,36,39,6,24
46,46,36,39,9,24
46,46,36,39,12,48
46,46,36,39,15,72
46,46,36,52,3,24
46,46,36,52,6,24
46,46,36,52,9,24
46,46,36,52,12,24
46,46,36,52,15,24
46,46,36,65,3,24
46,46,36,65,6,24
46,46,36,65,9,24
46,46,36,65,12,24
46,46,36,65,15,24
46,46,40,14,3,120
46,46,40,27,3,24
46,46,40,27,6,48
46,46,40,27,9,120
46,46,40,39,3,24
46,46,40,39,6,24
46,46,40,39,9,24
46,46,40,39,12,48
46,46,40,39,15,120
46,46,40,52,3,24
46,46,40,52,6,24
46,46,40,52,9,24
46,46,40,52,12,24
46,46,40,52,15,48
46,46,40,65,3,24
46,46,40,65,6,24
46,46,40,65,9,24
46,46,40,65,12,24
46,46,40,65,15,24
46,64,21,14,3,72
46,64,21,14,6,96
46,64,21,27,3,24
46,64,21,27,6,24
46,64,21,27,9,24
46,64,21,27,12,48
46,64,21,27,15,120
46,64,21,39,3,24
46,64,21,39,6,24
46,64,21,39,9,24
46,64,21,39,12,24
46,64,21,39,15,24
46,64,21,52,3,24
46,64,21,52,6,24
46,64,21,52,9,24
46,64,21,52,12,24
46,64,21,52,15,24
46,64,21,65,3,24
46,64,21,65,6,24
46,64,21,65,9,24
46,64,21,65,12,24
46,64,21,65,15,24
46,64,25,14,3,72
46,64,25,27,3,24
46,64,25,27,6,24
46,64,25,27,9,48
46,64,25,27,12,72
46,64,25,39,3,24
46,64,25,39,6,24
46,64,25,39,9,24
46,64,25,39,12,24
46,64,25,39,15,48
46,64,25,52,3,24
46,64,25,52,6,24
46,64,25,52,9,24
46,64,25,52,12,24
46,64,25,52,15,24
46,64,25,65,3,24
46,64,25,65,6,24
46,64,25,65,9,24
46,64,25,65,12,24
46,64,25,65,15,24
46,64,29,14,3,96
46,64,29,27,3,24
46,64,29,27,6,24
46,64,29,27,9,48
46,64,29,27,12,96
46,64,29,39,3,24
46,64,29,39,6,24
46,64,29,39,9,24
46,64,29,39,12,24
46,64,29,39,15,48
46,64,29,52,3,24
46,64,29,52,6,24
46,64,29,52,9,24
46,64,29,52,12,24
46,64,29,52,15,24
46,64,29,65,3,24
46,64,29,65,6,24
46,64,29,65,9,24
46,64,29,65,12,24
46,64,29,65,15,24
46,64,32,14,3,120
46,64,32,27,3,24
46,64,32,27,6,24
46,64,32,27,9,48
46,64,32,39,3,24
46,64,32,39,6,24
46,64,32,39,9,24
46,64,32,39,12,24
46,64,32,39,15,48
46,64,32,52,3,24
46,64,32,52,6,24
46,64,32,52,9,24
46,64,32,52,12,24
46,64,32,52,15,24
46,64,32,65,3,24
46,64,32,65,6,24
46,64,32,65,9,24
46,64,32,65,12,24
46,64,32,65,15,24
46,64,36,27,3,24
46,64,36,27,6,48
46,64,36,27,9,72
46,64,36,39,3,24
46,64,36,39,6,24
46,64,36,39,9,24
46,64,36,39,12,48
46,64,36,39,15,72
46,64,36,52,3,24
46,64,36,52,6,24
46,64,36,52,9,24
46,64,36,52,12,24
46,64,36,52,15,24
46,64,36,65,3,24
46,64,36,65,6,24
46,64,36,65,9,24
46,64,36,65,12,24
46,64,36,65,15,24
46,64,40,27,3,48
46,64,40,27,6,48
46,64,40,27,9,120
46,64,40,39,3,24
46,64,40,39,6,24
46,64,40,39,9,24
46,64,40,39,12,48
46,64,40,39,15,120
46,64,40,52,3,24
46,64,40,52,6,24
46,64,40,52,9,24
46,64,40,52,12,24
46,64,40,52,15,48
46,64,40,65,3,24
46,64,40,65,6,24
46,64,40,65,9,24
46,64,40,65,12,24
46,64,40,65,15,24
46,82,21,14,3,96
46,82,21,14,6,96
46,82,21,27,3,24
46,82,21,27,6,48
46,82,21,27,9,24
46,82,21,27,12,48
46,82,21,27,15,120
46,82,21,39,3,24
46,82,21,39,6,24
46,82,21,39,9,24
46,82,21,39,12,24
46,82,21,39,15,24
46,82,21,52,3,24
46,82,21,52,6,24
46,82,21,52,9,24
46,82,21,52,12,24
46,82,21,52,15,24
46,82,21,65,3,24
46,82,21,65,6,24
46,82,21,65,9,24
46,82,21,65,12,24
46,82,21,65,15,24
46,82,25,14,3,96
46,82,25,27,3,24
46,82,25,27,6,24
46,82,25,27,9,48
46,82,25,27,12,72
46,82,25,39,3,24
46,82,25,39,6,24
46,82,25,39,9,24
46,82,25,39,12,24
46,82,25,39,15,48
46,82,25,52,3,24
46,82,25,52,6,24
46,82,25,52,9,24
46,82,25,52,12,24
46,82,25,52,15,24
46,82,25,65,3,24
46,82,25,65,6,24
46,82,25,65,9,24
46,82,25,65,12,24
46,82,25,65,15,24
46,82,29,27,3,48
46,82,29,27,6,24
46,82,29,27,9,48
46,82,29,27,12,96
46,82,29,39,3,24
46,82,29,39,6,24
46,82,29,39,9,24
46,82,29,39,12,24
46,82,29,39,15,48
46,82,29,52,3,24
46,82,29,52,6,24
46,82,29,52,9,24
46,82,29,52,12,24
46,82,29,52,15,24
46,82,29,65,3,24
46,82,29,65,6,24
46,82,29,65,9,24
46,82,29,65,12,24
46,82,29,65,15,24
46,82,32,27,3,48
46,82,32,27,6,24
46,82,32,27,9,48
46,82,32,39,3,24
46,82,32,39,6,24
46,82,32,39,9,48
46,82,32,39,12,24
46,82,32,39,15,48
46,82,32,52,3,24
46,82,32,52,6,24
46,82,32,52,9,24
46,82,32,52,12,24
46,82,32,52,15,24
46,82,32,65,3,24
46,82,32,65,6,24
46,82,32,65,9,24
46,82,32,65,12,24
46,82,32,65,15,24
46,82,36,27,3,48
46,82,36,27,6,48
46,82,36,27,9,72
46,82,36,39,3,24
46,82,36,39,6,24
46,82,36,39,9,24
46,82,36,39,12,48
46,82,36,39,15,72
46,82,36,52,3,24
46,82,36,52,6,24
46,82,36,52,9,24
46,82,36,52,12,24
46,82,36,52,15,24
46,82,36,65,3,24
46,82,36,65,6,24
46,82,36,65,9,24
46,82,36,65,12,24
46,82,36,65,15,24
46,82,40,27,3,48
46,82,40,27,6,48
46,82,40,27,9,120
46,82,40,39,3,24
46,82,40,39,6,48
46,82,40,39,9,24
46,82,40,39,12,48
46,82,40,39,15,120
46,82,40,52,3,24
46,82,40,52,6,24
46,82,40,52,9,24
46,82,40,52,12,24
46,82,40,52,15,48
46,82,40,65,3,24
46,82,40,65,6,24
46,82,40,65,9,24
46,82,40,65,12,24
46,82,40,65,15,24
46,100,21,14,3,120
46,100,21,14,6,96
46,100,21,27,3,48
46,100,21,27,6,48
46,100,21,27,9,24
46,100,21,27,12,48
46,100,21,27,15,120
46,100,21,39,3,24
46,100,21,39,6,24
46,100,21,39,9,24
46,100,21,39,12,48
46,100,21,39,15,24
46,100,21,52,3,24
46,100,21,52,6,24
46,100,21,52,9,24
46,100,21,52,12,24
46,100,21,52,15,24
46,100,21,65,3,24
46,100,21,65,6,24
46,100,21,65,9,24
46,100,21,65,12,24
46,100,21,65,15,24
46,100,25,27,3,48
46,100,25,27,6,24
46,100,25,27,9,48
46,100,25,27,12,72
46,100,25,39,3,24
46,100,25,39,6,24
46,100,25,39,9,24
46,100,25,39,12,24
46,100,25,39,15,48
46,100,25,52,3,24
46,100,25,52,6,24
46,100,25,52,9,24
46,100,25,52,12,24
46,100,25,52,15,24
46,100,25,65,3,24
46,100,25,65,6,24
46,100,25,65,9,24
46,100,25,65,12,24
46,100,25,65,15,24
46,100,29,27,3,48
46,100,29,27,6,24
46,100,29,27,9,48
46,100,29,27,12,96
46,100,29,39,3,24
46,100,29,39,6,24
46,100,29,39,9,48
46,100,29,39,12,24
46,100,29,39,15,48
46,100,29,52,3,24
46,100,29,52,6,24
46,100,29,52,9,24
46,100,29,52,12,24
46,100,29,52,15,48
46,100,29,65,3,24
46,100,29,65,6,24
46,100,29,65,9,24
46,100,29,65,12,24
46,100,29,65,15,24
46,100,32,27,3,48
46,100,32,27,6,24
46,100,32,27,9,48
46,100,32,39,3,24
46,100,32,39,6,48
46,100,32,39,9,48
46,100,32,39,12,24
46,100,32,39,15,48
46,100,32,52,3,24
46,100,32,52,6,24
46,100,32,52,9,24
46,100,32,52,12,24
46,100,32,52,15,24
46,100,32,65,3,24
46,100,32,65,6,24
46,100,32,65,9,24
46,100,32,65,12,24
46,100,32,65,15,24
46,100,36,27,3,72
46,100,36,27,6,48
46,100,36,27,9,72
46,100,36,39,3,24
46,100,36,39,6,48
46,100,36,39,9,24
46,100,36,39,12,48
46,100,36,39,15,72
46,100,36,52,3,24
46,100,36,52,6,24
46,100,36,52,9,24
46,100,36,52,12,48
46,100,36,52,15,24
46,100,36,65,3,24
46,100,36,65,6,24
46,100,36,65,9,24
46,100,36,65,12,24
46,100,36,65,15,24
46,100,40,27,3,72
46,100,40,27,6,48
46,100,40,27,9,120
46,100,40,39,3,48
46,100,40,39,6,48
46,100,40,39,9,24
46,100,40,39,12,48
46,100,40,39,15,120
46,100,40,52,3,24
46,100,40,52,6,24
46,100,40,52,9,24
46,100,40,52,12,24
46,100,40,52,15,72
46,100,40,65,3,24
46,100,40,65,6,24
46,100,40,65,9,24
46,100,40,65,12,24
46,100,40,65,15,48
64,10,21,14,3,24
64,10,21,27,3,24
64,10,21,27,6,24
64,10,21,27,9,48
64,10,21,27,12,96
64,10,21,39,3,24
64,10,21,39,6,24
64,10,21,39,9,24
64,10,21,39,12,24
64,10,21,39,15,48
64,10,21,52,3,24
64,10,21,52,6,24
64,10,21,52,9,24
64,10,21,52,12,24
64,10,21,52,15,24
64,10,21,65,3,24
64,10,21,65,6,24
64,10,21,65,9,24
64,10,21,65,12,24
64,10,21,65,15,24
64,10,25,14,3,24
64,10,25,27,3,24
64,10,25,27,6,48
64,10,25,27,9,72
64,10,25,27,12,120
64,10,25,39,3,24
64,10,25,39,6,24
64,10,25,39,9,24
64,10,25,39,12,48
64,10,25,39,15,48
64,10,25,52,3,24
64,10,25,52,6,24
64,10,25,52,9,24
64,10,25,52,12,24
64,10,25,52,15,24
64,10,25,65,3,24
64,10,25,65,6,24
64,10,25,65,9,24
64,10,25,65,12,24
64,10,25,65,15,24
64,10,29,14,3,24
64,10,29,27,3,24
64,10,29,27,6,48
64,10,29,27,9,72
64,10,29,39,3,24
64,10,29,39,6,24
64,10,29,39,9,24
64,10,29,39,12,48
64,10,29,39,15,72
64,10,29,52,3,24
64,10,29,52,6,24
64,10,29,52,9,24
64,10,29,52,12,24
64,10,29,52,15,24
64,10,29,65,3,24
64,10,29,65,6,24
64,10,29,65,9,24
64,10,29,65,12,24
64,10,29,65,15,24
64,10,32,14,3,24
64,10,32,27,3,24
64,10,32,27,6,48
64,10,32,27,9,96
64,10,32,39,3,24
64,10,32,39,6,24
64,10,32,39,9,24
64,10,32,39,12,48
64,10,32,39,15,96
64,10,32,52,3,24
64,10,32,52,6,24
64,10,32,52,9,24
64,10,32,52,12,24
64,10,32,52,15,48
64,10,32,65,3,24
64,10,32,65,6,24
64,10,32,65,9,24
64,10,32,65,12,24
64,10,32,65,15,24
64,10,36,14,3,24
64,10,36,27,3,24
64,10,36,27,6,48
64,10,36,27,9,120
64,10,36,39,3,24
64,10,36,39,6,24
64,10,36,39,9,48
64,10,36,39,12,72
64,10,36,39,15,120
64,10,36,52,3,24
64,10,36,52,6,24
64,10,36,52,9,24
64,10,36,52,12,24
64,10,36,52,15,48
64,10,36,65,3,24
64,10,36,65,6,24
64,10,36,65,9,24
64,10,36,65,12,24
64,10,36,65,15,24
64,10,40,14,3,24
64,10,40,27,3,24
64,10,40,27,6,72
64,10,40,39,3,24
64,10,40,39,6,24
64,10,40,39,9,48
64,10,40,39,12,96
64,10,40,52,3,24
64,10,40,52,6,24
64,10,40,52,9,24
64,10,40,52,12,48
64,10,40,52,15,48
64,10,40,65,3,24
64,10,40,65,6,24
64,10,40,65,9,24
64,10,40,65,12,24
64,10,40,65,15,24
64,28,21,14,3,24
64,28,21,27,3,24
64,28,21,27,6,24
64,28,21,27,9,48
64,28,21,27,12,96
64,28,21,39,3,24
64,28,21,39,6,24
64,28,21,39,9,24
64,28,21,39,12,24
64,28,21,39,15,48
64,28,21,52,3,24
64,28,21,52,6,24
64,28,21,52,9,24
64,28,21,52,12,24
64,28,21,52,15,24
64,28,21,65,3,24
64,28,21,65,6,24
64,28,21,65,9,24
64,28,21,65,12,24
64,28,21,65,15,24
64,28,25,14,3,24
64,28,25,27,3,24
64,28,25,27,6,48
64,28,25,27,9,72
64,28,25,27,12,120
64,28,25,39,3,24
64,28,25,39,6,24
64,28,25,39,9,24
64,28,25,39,12,48
64,28,25,39,15,48
64,28,25,52,3,24
64,28,25,52,6,24
64,28,25,52,9,24
64,28,25,52,12,24
64,28,25,52,15,24
64,28,25,65,3,24
64,28,25,65,6,24
64,28,25,65,9,24
64,28,25,65,12,24
64,28,25,65,15,24
64,28,29,14,3,24
64,28,29,27,3,24
64,28,29,27,6,48
64,28,29,27,9,72
64,28,29,39,3,24
64,28,29,39,6,24
64,28,29,39,9,24
64,28,29,39,12,48
64,28,29,39,15,72
64,28,29,52,3,24
64,28,29,52,6,24
64,28,29,52,9,24
64,28,29,52,12,24
64,28,29,52,15,24
64,28,29,65,3,24
64,28,29,65,6,24
64,28,29,65,9,24
64,28,29,65,12,24
64,28,29,65,15,24
64,28,32,14,3,24
64,28,32,27,3,24
64,28,32,27,6,48
64,28,32,27,9,96
64,28,32,39,3,24
64,28,32,39,6,24
64,28,32,39,9,24
64,28,32,39,12,48
64,28,32,39,15,96
64,28,32,52,3,24
64,28,32,52,6,24
64,28,32,52,9,24
64,28,32,52,12,24
64,28,32,52,15,48
64,28,32,65,3,24
64,28,32,65,6,24
64,28,32,65,9,24
64,28,32,65,12,24
64,28,32,65,15,24
64,28,36,14,3,48
64,28,36,27,3,24
64,28,36,27,6,48
64,28,36,27,9,120
64,28,36,39,3,24
64,28,36,39,6,24
64,28,36,39,9,48
64,28,36,39,12,72
64,28,36,39,15,120
64,28,36,52,3,24
64,28,36,52,6,24
64,28,36,52,9,24
64,28,36,52,12,24
64,28,36,52,15,48
64,28,36,65,3,24
64,28,36,65,6,24
64,28,36,65,9,24
64,28,36,65,12,24
64,28,36,65,15,24
64,28,40,14,3,72
64,28,40,27,3,24
64,28,40,27,6,72
64,28,40,39,3,24
64,28,40,39,6,24
64,28,40,39,9,48
64,28,40,39,12,96
64,28,40,52,3,24
64,28,40,52,6,24
64,28,40,52,9,24
64,28,40,52,12,48
64,28,40,52,15,48
64,28,40,65,3,24
64,28,40,65,6,24
64,28,40,65,9,24
64,28,40,65,12,24
64,28,40,65,15,24
64,46,21,14,3,48
64,46,21,27,3,24
64,46,21,27,6,24
64,46,21,27,9,48
64,46,21,27,12,96
64,46,21,39,3,24
64,46,21,39,6,24
64,46,21,39,9,24
64,46,21,39,12,24
64,46,21,39,15,48
64,46,21,52,3,24
64,46,21,52,6,24
64,46,21,52,9,24
64,46,21,52,12,24
64,46,21,52,15,24
64,46,21,65,3,24
64,46,21,65,6,24
64,46,21,65,9,24
64,46,21,65,12,24
64,46,21,65,15,24
64,46,25,14,3,48
64,46,25,27,3,24
64,46,25,27,6,48
64,46,25,27,9,72
64,46,25,27,12,120
64,46,25,39,3,24
64,46,25,39,6,24
64,46,25,39,9,24
64,46,25,39,12,48
64,46,25,39,15,48
64,46,25,52,3,24
64,46,25,52,6,24
64,46,25,52,9,24
64,46,25,52,12,24
64,46,25,52,15,24
64,46,25,65,3,24
64,46,25,65,6,24
64,46,25,65,9,24
64,46,25,65,12,24
64,46,25,65,15,24
64,46,29,14,3,48
64,46,29,27,3,24
64,46,29,27,6,48
64,46,29,27,9,72
64,46,29,39,3,24
64,46,29,39,6,24
64,46,29,39,9,24
64,46,29,39,12,48
64,46,29,39,15,72
64,46,29,52,3,24
64,46,29,52,6,24
64,46,29,52,9,24
64,46,29,52,12,24
64,46,29,52,15,24
64,46,29,65,3,24
64,46,29,65,6,24
64,46,29,65,9,24
64,46,29,65,12,24
64,46,29,65,15,24
64,46,32,14,3,72
64,46,32,27,3,24
64,46,32,27,6,48
64,46,32,27,9,96
64,46,32,39,3,24
64,46,32,39,6,24
64,46,32,39,9,24
64,46,32,39,12,48
64,46,32,39,15,96
64,46,32,52,3,24
64,46,32,52,6,24
64,46,32,52,9,24
64,46,32,52,12,24
64,46,32,52,15,48
64,46,32,65,3,24
64,46,32,65,6,24
64,46,32,65,9,24
64,46,32,65,12,24
64,46,32,65,15,24
64,46,36,14,3,96
64,46,36,27,3,24
64,46,36,27,6,48
64,46,36,27,9,120
64,46,36,39,3,24
64,46,36,39,6,24
64,46,36,39,9,48
64,46,36,39,12,72
64,46,36,39,15,120
64,46,36,52,3,24
64,46,36,52,6,24
64,46,36,52,9,24
64,46,36,52,12,24
64,46,36,52,15,48
64,46,36,65,3,24
64,46,36,65,6,24
64,46,36,65,9,24
64,46,36,65,12,24
64,46,36,65,15,24
64,46,40,14,3,120
64,46,40,27,3,24
64,46,40,27,6,72
64,46,40,39,3,24
64,46,40,39,6,24
64,46,40,39,9,48
64,46,40,39,12,96
64,46,40,52,3,24
64,46,40,52,6,24
64,46,40,52,9,24
64,46,40,52,12,48
64,46,40,52,15,48
64,46,40,65,3,24
64,46,40,65,6,24
64,46,40,65,9,24
64,46,40,65,12,24
64,46,40,65,15,24
64,64,21,14,3,72
64,64,21,27,3,24
64,64,21,27,6,24
64,64,21,27,9,48
64,64,21,27,12,96
64,64,21,39,3,24
64,64,21,39,6,24
64,64,21,39,9,24
64,64,21,39,12,24
64,64,21,39,15,48
64,64,21,52,3,24
64,64,21,52,6,24
64,64,21,52,9,24
64,64,21,52,12,24
64,64,21,52,15,24
64,64,21,65,3,24
64,64,21,65,6,24
64,64,21,65,9,24
64,64,21,65,12,24
64,64,21,65,15,24
64,64,25,14,3,72
64,64,25,27,3,24
64,64,25,27,6,48
64,64,25,27,9,72
64,64,25,27,12,120
64,64,25,39,3,24
64,64,25,39,6,24
64,64,25,39,9,24
64,64,25,39,12,48
64,64,25,39,15,48
64,64,25,52,3,24
64,64,25,52,6,24
64,64,25,52,9,24
64,64,25,52,12,24
64,64,25,52,15,24
64,64,25,65,3,24
64,64,25,65,6,24
64,64,25,65,9,24
64,64,25,65,12,24
64,64,25,65,15,24
64,64,29,14,3,96
64,64,29,27,3,24
64,64,29,27,6,48
64,64,29,27,9,72
64,64,29,39,3,24
64,64,29,39,6,24
64,64,29,39,9,24
64,64,29,39,12,48
64,64,29,39,15,72
64,64,29,52,3,24
64,64,29,52,6,24
64,64,29,52,9,24
64,64,29,52,12,24
64,64,29,52,15,24
64,64,29,65,3,24
64,64,29,65,6,24
64,64,29,65,9,24
64,64,29,65,12,24
64,64,29,65,15,24
64,64,32,14,3,120
64,64,32,27,3,24
64,64,32,27,6,48
64,64,32,27,9,96
64,64,32,39,3,24
64,64,32,39,6,24
64,64,32,39,9,24
64,64,32,39,12,48
64,64,32,39,15,96
64,64,32,52,3,24
64,64,32,52,6,24
64,64,32,52,9,24
64,64,32,52,12,24
64,64,32,52,15,48
64,64,32,65,3,24
64,64,32,65,6,24
64,64,32,65,9,24
64,64,32,65,12,24
64,64,32,65,15,24
64,64,36,27,3,24
64,64,36,27,6,48
64,64,36,27,9,120
64,64,36,39,3,24
64,64,36,39,6,24
64,64,36,39,9,48
64,64,36,39,12,72
64,64,36,39,15,120
64,64,36,52,3,24
64,64,36,52,6,24
64,64,36,52,9,24
64,64,36,52,12,24
64,64,36,52,15,48
64,64,36,65,3,24
64,64,36,65,6,24
64,64,36,65,9,24
64,64,36,65,12,24
64,64,36,65,15,24
64,64,40,27,3,48
64,64,40,27,6,72
64,64,40,39,3,24
64,64,40,39,6,24
64,64,40,39,9,48
64,64,40,39,12,96
64,64,40,52,3,24
64,64,40,52,6,24
64,64,40,52,9,24
64,64,40,52,12,48
64,64,40,52,15,48
64,64,40,65,3,24
64,64,40,65,6,24
64,64,40,65,9,24
64,64,40,65,12,24
64,64,40,65,15,24
64,82,21,14,3,96
64,82,21,27,3,24
64,82,21,27,6,24
64,82,21,27,9,48
64,82,21,27,12,96
64,82,21,39,3,24
64,82,21,39,6,24
64,82,21,39,9,24
64,82,21,39,12,24
64,82,21,39,15,48
64,82,21,52,3,24
64,82,21,52,6,24
64,82,21,52,9,24
64,82,21,52,12,24
64,82,21,52,15,24
64,82,21,65,3,24
64,82,21,65,6,24
64,82,21,65,9,24
64,82,21,65,12,24
64,82,21,65,15,24
64,82,25,14,3,96
64,82,25,27,3,24
64,82,25,27,6,48
64,82,25,27,9,72
64,82,25,27,12,120
64,82,25,39,3,24
64,82,25,39,6,24
64,82,25,39,9,24
64,82,25,39,12,48
64,82,25,39,15,48
64,82,25,52,3,24
64,82,25,52,6,24
64,82,25,52,9,24
64,82,25,52,12,24
64,82,25,52,15,24
64,82,25,65,3,24
64,82,25,65,6,24
64,82,25,65,9,24
64,82,25,65,12,24
64,82,25,65,15,24
64,82,29,27,3,24
64,82,29,27,6,48
64,82,29,27,9,72
64,82,29,39,3,24
64,82,29,39,6,24
64,82,29,39,9,24
64,82,29,39,12,48
64,82,29,39,15,72
64,82,29,52,3,24
64,82,29,52,6,24
64,82,29,52,9,24
64,82,29,52,12,24
64,82,29,52,15,24
64,82,29,65,3,24
64,82,29,65,6,24
64,82,29,65,9,24
64,82,29,65,12,24
64,82,29,65,15,24
64,82,32,27,3,48
64,82,32,27,6,48
64,82,32,27,9,96
64,82,32,39,3,24
64,82,32,39,6,24
64,82,32,39,9,24
64,82,32,39,12,48
64,82,32,39,15,96
64,82,32,52,3,24
64,82,32,52,6,24
64,82,32,52,9,24
64,82,32,52,12,24
64,82,32,52,15,48
64,82,32,65,3,24
64,82,32,65,6,24
64,82,32,65,9,24
64,82,32,65,12,24
64,82,32,65,15,24
64,82,36,27,3,48
64,82,36,27,6,48
64,82,36,27,9,120
64,82,36,39,3,24
64,82,36,39,6,24
64,82,36,39,9,48
64,82,36,39,12,72
64,82,36,39,15,120
64,82,36,52,3,24
64,82,36,52,6,24
64,82,36,52,9,24
64,82,36,52,12,24
64,82,36,52,15,48
64,82,36,65,3,24
64,82,36,65,6,24
64,82,36,65,9,24
64,82,36,65,12,24
64,82,36,65,15,24
64,82,40,27,3,48
64,82,40,27,6,72
64,82,40,39,3,24
64,82,40,39,6,24
64,82,40,39,9,48
64,82,40,39,12,96
64,82,40,52,3,24
64,82,40,52,6,24
64,82,40,52,9,24
64,82,40,52,12,48
64,82,40,52,15,48
64,82,40,65,3,24
64,82,40,65,6,24
64,82,40,65,9,24
64,82,40,65,12,24
64,82,40,65,15,24
64,100,21,14,3,120
64,100,21,27,3,48
64,100,21,27,6,24
64,100,21,27,9,48
64,100,21,27,12,96
64,100,21,39,3,24
64,100,21,39,6,24
64,100,21,39,9,24
64,100,21,39,12,24
64,100,21,39,15,48
64,100,21,52,3,24
64,100,21,52,6,24
64,100,21,52,9,24
64,100,21,52,12,24
64,100,21,52,15,24
64,100,21,65,3,24
64,100,21,65,6,24
64,100,21,65,9,24
64,100,21,65,12,24
64,100,21,65,15,24
64,100,25,27,3,48
64,100,25,27,6,48
64,100,25,27,9,72
64,100,25,27,12,120
64,100,25,39,3,24
64,100,25,39,6,24
64,100,25,39,9,24
64,100,25,39,12,48
64,100,25,39,15,48
64,100,25,52,3,24
64,100,25,52,6,24
64,100,25,52,9,24
64,100,25,52,12,24
64,100,25,52,15,24
64,100,25,65,3,24
64,100,25,65,6,24
64,100,25,65,9,24
64,100,25,65,12,24
64,100,25,65,15,24
64,100,29,27,3,48
64,100,29,27,6,48
64,100,29,27,9,72
64,100,29,39,3,24
64,100,29,39,6,24
64,100,29,39,9,24
64,100,29,39,12,48
64,100,29,39,15,72
64,100,29,52,3,24
64,100,29,52,6,24
64,100,29,52,9,24
64,100,29,52,12,24
64,100,29,52,15,24
64,100,29,65,3,24
64,100,29,65,6,24
64,100,29,65,9,24
64,100,29,65,12,24
64,100,29,65,15,24
64,100,32,27,3,48
64,100,32,27,6,48
64,100,32,27,9,96
64,100,32,39,3,24
64,100,32,39,6,48
64,100,32,39,9,24
64,100,32,39,12,48
64,100,32,39,15,96
64,100,32,52,3,24
64,100,32,52,6,24
64,100,32,52,9,24
64,100,32,52,12,24
64,100,32,52,15,48
64,100,32,65,3,24
64,100,32,65,6,24
64,100,32,65,9,24
64,100,32,65,12,24
64,100,32,65,15,24
64,100,36,27,3,72
64,100,36,27,6,48
64,100,36,27,9,120
64,100,36,39,3,24
64,100,36,39,6,24
64,100,36,39,9,48
64,100,36,39,12,72
64,100,36,39,15,120
64,100,36,52,3,24
64,100,36,52,6,24
64,100,36,52,9,24
64,100,36,52,12,24
64,100,36,52,15,48
64,100,36,65,3,24
64,100,36,65,6,24
64,100,36,65,9,24
64,100,36,65,12,24
64,100,36,65,15,24
64,100,40,27,3,72
64,100,40,27,6,72
64,100,40,39,3,48
64,100,40,39,6,24
64,100,40,39,9,48
64,100,40,39,12,96
64,100,40,52,3,24
64,100,40,52,6,24
64,100,40,52,9,24
64,100,40,52,12,48
64,100,40,52,15,48
64,100,40,65,3,24
64,100,40,65,6,24
64,100,40,65,9,24
64,100,40,65,12,24
64,100,40,65,15,24
82,10,21,14,3,24
82,10,21,27,3,24
82,10,21,27,6,48
82,10,21,27,9,72
82,10,21,27,12,120
82,10,21,39,3,24
82,10,21,39,6,24
82,10,21,39,9,24
82,10,21,39,12,48
82,10,21,39,15,72
82,10,21,52,3,24
82,10,21,52,6,24
82,10,21,52,9,24
82,10,21,52,12,24
82,10,21,52,15,24
82,10,21,65,3,24
82,10,21,65,6,24
82,10,21,65,9,24
82,10,21,65,12,24
82,10,21,65,15,24
82,10,25,14,3,24
82,10,25,27,3,24
82,10,25,27,6,48
82,10,25,27,9,96
82,10,25,39,3,24
82,10,25,39,6,24
82,10,25,39,9,48
82,10,25,39,12,48
82,10,25,39,15,72
82,10,25,52,3,24
82,10,25,52,6,24
82,10,25,52,9,24
82,10,25,52,12,24
82,10,25,52,15,48
82,10,25,65,3,24
82,10,25,65,6,24
82,10,25,65,9,24
82,10,25,65,12,24
82,10,25,65,15,24
82,10,29,14,3,24
82,10,29,27,3,24
82,10,29,27,6,48
82,10,29,27,9,120
82,10,29,39,3,24
82,10,29,39,6,24
82,10,29,39,9,48
82,10,29,39,12,72
82,10,29,39,15,96
82,10,29,52,3,24
82,10,29,52,6,24
82,10,29,52,9,24
82,10,29,52,12,24
82,10,29,52,15,48
82,10,29,65,3,24
82,10,29,65,6,24
82,10,29,65,9,24
82,10,29,65,12,24
82,10,29,65,15,24
82,10,32,14,3,24
82,10,32,27,3,24
82,10,32,27,6,72
82,10,32,27,9,120
82,10,32,39,3,24
82,10,32,39,6,24
82,10,32,39,9,48
82,10,32,39,12,72
82,10,32,39,15,120
82,10,32,52,3,24
82,10,32,52,6,24
82,10,32,52,9,24
82,10,32,52,12,48
82,10,32,52,15,48
82,10,32,65,3,24
82,10,32,65,6,24
82,10,32,65,9,24
82,10,32,65,12,24
82,10,32,65,15,24
82,10,36,14,3,24
82,10,36,27,3,24
82,10,36,27,6,96
82,10,36,39,3,24
82,10,36,39,6,48
82,10,36,39,9,48
82,10,36,39,12,96
82,10,36,52,3,24
82,10,36,52,6,24
82,10,36,52,9,24
82,10,36,52,12,48
82,10,36,52,15,72
82,10,36,65,3,24
82,10,36,65,6,24
82,10,36,65,9,24
82,10,36,65,12,24
82,10,36,65,15,48
82,10,40,14,3,24
82,10,40,27,3,24
82,10,40,27,6,120
82,10,40,39,3,24
82,10,40,39,6,48
82,10,40,39,9,72
82,10,40,39,12,120
82,10,40,52,3,24
82,10,40,52,6,24
82,10,40,52,9,48
82,10,40,52,12,48
82,10,40,52,15,72
82,10,40,65,3,24
82,10,40,65,6,24
82,10,40,65,9,24
82,10,40,65,12,24
82,10,40,65,15,48
82,28,21,14,3,24
82,28,21,27,3,24
82,28,21,27,6,48
82,28,21,27,9,72
82,28,21,27,12,120
82,28,21,39,3,24
82,28,21,39,6,24
82,28,21,39,9,24
82,28,21,39,12,48
82,28,21,39,15,72
82,28,21,52,3,24
82,28,21,52,6,24
82,28,21,52,9,24
82,28,21,52,12,24
82,28,21,52,15,24
82,28,21,65,3,24
82,28,21,65,6,24
82,28,21,65,9,24
82,28,21,65,12,24
82,28,21,65,15,24
82,28,25,14,3,24
82,28,25,27,3,24
82,28,25,27,6,48
82,28,25,27,9,96
82,28,25,39,3,24
82,28,25,39,6,24
82,28,25,39,9,48
82,28,25,39,12,48
82,28,25,39,15,72
82,28,25,52,3,24
82,28,25,52,6,24
82,28,25,52,9,24
82,28,25,52,12,24
82,28,25,52,15,48
82,28,25,65,3,24
82,28,25,65,6,24
82,28,25,65,9,24
82,28,25,65,12,24
82,28,25,65,15,24
82,28,29,14,3,24
82,28,29,27,3,24
82,28,29,27,6,48
82,28,29,27,9,120
82,28,29,39,3,24
82,28,29,39,6,24
82,28,29,39,9,48
82,28,29,39,12,72
82,28,29,39,15,96
82,28,29,52,3,24
82,28,29,52,6,24
82,28,29,52,9,24
82,28,29,52,12,24
82,28,29,52,15,48
82,28,29,65,3,24
82,28,29,65,6,24
82,28,29,65,9,24
82,28,29,65,12,24
82,28,29,65,15,24
82,28,32,14,3,24
82,28,32,27,3,24
82,28,32,27,6,72
82,28,32,27,9,120
82,28,32,39,3,24
82,28,32,39,6,24
82,28,32,39,9,48
82,28,32,39,12,72
82,28,32,39,15,120
82,28,32,52,3,24
82,28,32,52,6,24
82,28,32,52,9,24
82,28,32,52,12,48
82,28,32,52,15,48
82,28,32,65,3,24
82,28,32,65,6,24
82,28,32,65,9,24
82,28,32,65,12,24
82,28,32,65,15,24
82,28,36,14,3,48
82,28,36,27,3,24
82,28,36,27,6,96
82,28,36,39,3,24
82,28,36,39,6,48
82,28,36,39,9,48
82,28,36,39,12,96
82,28,36,52,3,24
82,28,36,52,6,24
82,28,36,52,9,24
82,28,36,52,12,48
82,28,36,52,15,72
82,28,36,65,3,24
82,28,36,65,6,24
82,28,36,65,9,24
82,28,36,65,12,24
82,28,36,65,15,48
82,28,40,14,3,72
82,28,40,27,3,24
82,28,40,27,6,120
82,28,40,39,3,24
82,28,40,39,6,48
82,28,40,39,9,72
82,28,40,39,12,120
82,28,40,52,3,24
82,28,40,52,6,24
82,28,40,52,9,48
82,28,40,52,12,48
82,28,40,52,15,72
82,28,40,65,3,24
82,28,40,65,6,24
82,28,40,65,9,24
82,28,40,65,12,24
82,28,40,65,15,48
82,46,21,14,3,48
82,46,21,27,3,24
82,46,21,27,6,48
82,46,21,27,9,72
82,46,21,27,12,120
82,46,21,39,3,24
82,46,21,39,6,24
82,46,21,39,9,24
82,46,21,39,12,48
82,46,21,39,15,72
82,46,21,52,3,24
82,46,21,52,6,24
82,46,21,52,9,24
82,46,21,52,12,24
82,46,21,52,15,24
82,46,21,65,3,24
82,46,21,65,6,24
82,46,21,65,9,24
82,46,21,65,12,24
82,46,21,65,15,24
82,46,25,14,3,48
82,46,25,27,3,24
82,46,25,27,6,48
82,46,25,27,9,96
82,46,25,39,3,24
82,46,25,39,6,24
82,46,25,39,9,48
82,46,25,39,12,48
82,46,25,39,15,72
82,46,25,52,3,24
82,46,25,52,6,24
82,46,25,52,9,24
82,46,25,52,12,24
82,46,25,52,15,48
82,46,25,65,3,24
82,46,25,65,6,24
82,46,25,65,9,24
82,46,25,65,12,24
82,46,25,65,15,24
82,46,29,14,3,48
82,46,29,27,3,24
82,46,29,27,6,48
82,46,29,27,9,120
82,46,29,39,3,24
82,46,29,39,6,24
82,46,29,39,9,48
82,46,29,39,12,72
82,46,29,39,15,96
82,46,29,52,3,24
82,46,29,52,6,24
82,46,29,52,9,24
82,46,29,52,12,24
82,46,29,52,15,48
82,46,29,65,3,24
82,46,29,65,6,24
82,46,29,65,9,24
82,46,29,65,12,24
82,46,29,65,15,24
82,46,32,14,3,72
82,46,32,27,3,24
82,46,32,27,6,72
82,46,32,27,9,120
82,46,32,39,3,24
82,46,32,39,6,24
82,46,32,39,9,48
82,46,32,39,12,72
82,46,32,39,15,120
82,46,32,52,3,24
82,46,32,52,6,24
82,46,32,52,9,24
82,46,32,52,12,48
82,46,32,52,15,48
82,46,32,65,3,24
82,46,32,65,6,24
82,46,32,65,9,24
82,46,32,65,12,24
82,46,32,65,15,24
82,46,36,14,3,96
82,46,36,27,3,24
82,46,36,27,6,96
82,46,36,39,3,24
82,46,36,39,6,48
82,46,36,39,9,48
82,46,36,39,12,96
82,46,36,52,3,24
82,46,36,52,6,24
82,46,36,52,9,24
82,46,36,52,12,48
82,46,36,52,15,72
82,46,36,65,3,24
82,46,36,65,6,24
82,46,36,65,9,24
82,46,36,65,12,24
82,46,36,65,15,48
82,46,40,14,3,120
82,46,40,27,3,24
82,46,40,27,6,120
82,46,40,39,3,24
82,46,40,39,6,48
82,46,40,39,9,72
82,46,40,39,12,120
82,46,40,52,3,24
82,46,40,52,6,24
82,46,40,52,9,48
82,46,40,52,12,48
82,46,40,52,15,72
82,46,40,65,3,24
82,46,40,65,6,24
82,46,40,65,9,24
82,46,40,65,12,24
82,46,40,65,15,48
82,64,21,14,3,72
82,64,21,27,3,24
82,64,21,27,6,48
82,64,21,27,9,72
82,64,21,27,12,120
82,64,21,39,3,24
82,64,21,39,6,24
82,64,21,39,9,24
82,64,21,39,12,48
82,64,21,39,15,72
82,64,21,52,3,24
82,64,21,52,6,24
82,64,21,52,9,24
82,64,21,52,12,24
82,64,21,52,15,24
82,64,21,65,3,24
82,64,21,65,6,24
82,64,21,65,9,24
82,64,21,65,12,24
82,64,21,65,15,24
82,64,25,14,3,72
82,64,25,27,3,24
82,64,25,27,6,48
82,64,25,27,9,96
82,64,25,39,3,24
82,64,25,39,6,24
82,64,25,39,9,48
82,64,25,39,12,48
82,64,25,39,15,72
82,64,25,52,3,24
82,64,25,52,6,24
82,64,25,52,9,24
82,64,25,52,12,24
82,64,25,52,15,48
82,64,25,65,3,24
82,64,25,65,6,24
82,64,25,65,9,24
82,64,25,65,12,24
82,64,25,65,15,24
82,64,29,14,3,96
82,64,29,27,3,24
82,64,29,27,6,48
82,64,29,27,9,120
82,64,29,39,3,24
82,64,29,39,6,24
82,64,29,39,9,48
82,64,29,39,12,72
82,64,29,39,15,96
82,64,29,52,3,24
82,64,29,52,6,24
82,64,29,52,9,24
82,64,29,52,12,24
82,64,29,52,15,48
82,64,29,65,3,24
82,64,29,65,6,24
82,64,29,65,9,24
82,64,29,65,12,24
82,64,29,65,15,24
82,64,32,14,3,120
82,64,32,27,3,24
82,64,32,27,6,72
82,64,32,27,9,120
82,64,32,39,3,24
82,64,32,39,6,24
82,64,32,39,9,48
82,64,32,39,12,72
82,64,32,39,15,120
82,64,32,52,3,24
82,64,32,52,6,24
82,64,32,52,9,24
82,64,32,52,12,48
82,64,32,52,15,48
82,64,32,65,3,24
82,64,32,65,6,24
82,64,32,65,9,24
82,64,32,65,12,24
82,64,32,65,15,24
82,64,36,27,3,24
82,64,36,27,6,96
82,64,36,39,3,24
82,64,36,39,6,48
82,64,36,39,9,48
82,64,36,39,12,96
82,64,36,52,3,24
82,64,36,52,6,24
82,64,36,52,9,24
82,64,36,52,12,48
82,64,36,52,15,72
82,64,36,65,3,24
82,64,36,65,6,24
82,64,36,65,9,24
82,64,36,65,12,24
82,64,36,65,15,48
82,64,40,27,3,48
82,64,40,27,6,120
82,64,40,39,3,24
82,64,40,39,6,48
82,64,40,39,9,72
82,64,40,39,12,120
82,64,40,52,3,24
82,64,40,52,6,24
82,64,40,52,9,48
82,64,40,52,12,48
82,64,40,52,15,72
82,64,40,65,3,24
82,64,40,65,6,24
82,64,40,65,9,24
82,64,40,65,12,24
82,64,40,65,15,48
82,82,21,14,3,96
82,82,21,27,3,24
82,82,21,27,6,48
82,82,21,27,9,72
82,82,21,27,12,120
82,82,21,39,3,24
82,82,21,39,6,24
82,82,21,39,9,24
82,82,21,39,12,48
82,82,21,39,15,72
82,82,21,52,3,24
82,82,21,52,6,24
82,82,21,52,9,24
82,82,21,52,12,24
82,82,21,52,15,24
82,82,21,65,3,24
82,82,21,65,6,24
82,82,21,65,9,24
82,82,21,65,12,24
82,82,21,65,15,24
82,82,25,14,3,96
82,82,25,27,3,24
82,82,25,27,6,48
82,82,25,27,9,96
82,82,25,39,3,24
82,82,25,39,6,24
82,82,25,39,9,48
82,82,25,39,12,48
82,82,25,39,15,72
82,82,25,52,3,24
82,82,25,52,6,24
82,82,25,52,9,24
82,82,25,52,12,24
82,82,25,52,15,48
82,82,25,65,3,24
82,82,25,65,6,24
82,82,25,65,9,24
82,82,25,65,12,24
82,82,25,65,15,24
82,82,29,27,3,24
82,82,29,27,6,48
82,82,29,27,9,120
82,82,29,39,3,24
82,82,29,39,6,24
82,82,29,39,9,48
82,82,29,39,12,72
82,82,29,39,15,96
82,82,29,52,3,24
82,82,29,52,6,24
82,82,29,52,9,24
82,82,29,52,12,24
82,82,29,52,15,48
82,82,29,65,3,24
82,82,29,65,6,24
82,82,29,65,9,24
82,82,29,65,12,24
82,82,29,65,15,24
82,82,32,27,3,48
82,82,32,27,6,72
82,82,32,27,9,120
82,82,32,39,3,24
82,82,32,39,6,24
82,82,32,39,9,48
82,82,32,39,12,72
82,82,32,39,15,120
82,82,32,52,3,24
82,82,32,52,6,24
82,82,32,52,9,24
82,82,32,52,12,48
82,82,32,52,15,48
82,82,32,65,3,24
82,82,32,65,6,24
82,82,32,65,9,24
82,82,32,65,12,24
82,82,32,65,15,24
82,82,36,27,3,48
82,82,36,27,6,96
82,82,36,39,3,24
82,82,36,39,6,48
82,82,36,39,9,48
82,82,36,39,12,96
82,82,36,52,3,24
82,82,36,52,6,24
82,82,36,52,9,24
82,82,36,52,12,48
82,82,36,52,15,72
82,82,36,65,3,24
82,82,36,65,6,24
82,82,36,65,9,24
82,82,36,65,12,24
82,82,36,65,15,48
82,82,40,27,3,48
82,82,40,27,6,120
82,82,40,39,3,24
82,82,40,39,6,48
82,82,40,39,9,72
82,82,40,39,12,120
82,82,40,52,3,24
82,82,40,52,6,24
82,82,40,52,9,48
82,82,40,52,12,48
82,82,40,52,15,72
82,82,40,65,3,24
82,82,40,65,6,24
82,82,40,65,9,24
82,82,40,65,12,24
82,82,40,65,15,48
82,100,21,14,3,120
82,100,21,27,3,48
82,100,21,27,6,48
82,100,21,27,9,72
82,100,21,27,12,120
82,100,21,39,3,24
82,100,21,39,6,24
82,100,21,39,9,24
82,100,21,39,12,48
82,100,21,39,15,72
82,100,21,52,3,24
82,100,21,52,6,24
82,100,21,52,9,24
82,100,21,52,12,24
82,100,21,52,15,24
82,100,21,65,3,24
82,100,21,65,6,24
82,100,21,65,9,24
82,100,21,65,12,24
82,100,21,65,15,24
82,100,25,27,3,48
82,100,25,27,6,48
82,100,25,27,9,96
82,100,25,39,3,24
82,100,25,39,6,24
82,100,25,39,9,48
82,100,25,39,12,48
82,100,25,39,15,72
82,100,25,52,3,24
82,100,25,52,6,24
82,100,25,52,9,24
82,100,25,52,12,24
82,100,25,52,15,48
82,100,25,65,3,24
82,100,25,65,6,24
82,100,25,65,9,24
82,100,25,65,12,24
82,100,25,65,15,24
82,100,29,27,3,48
82,100,29,27,6,48
82,100,29,27,9,120
82,100,29,39,3,24
82,100,29,39,6,24
82,100,29,39,9,48
82,100,29,39,12,72
82,100,29,39,15,96
82,100,29,52,3,24
82,100,29,52,6,24
82,100,29,52,9,24
82,100,29,52,12,24
82,100,29,52,15,48
82,100,29,65,3,24
82,100,29,65,6,24
82,100,29,65,9,24
82,100,29,65,12,24
82,100,29,65,15,24
82,100,32,27,3,48
82,100,32,27,6,72
82,100,32,27,9,120
82,100,32,39,3,24
82,100,32,39,6,24
82,100,32,39,9,48
82,100,32,39,12,72
82,100,32,39,15,120
82,100,32,52,3,24
82,100,32,52,6,24
82,100,32,52,9,24
82,100,32,52,12,48
82,100,32,52,15,48
82,100,32,65,3,24
82,100,32,65,6,24
82,100,32,65,9,24
82,100,32,65,12,24
82,100,32,65,15,24
82,100,36,27,3,72
82,100,36,27,6,96
82,100,36,39,3,24
82,100,36,39,6,48
82,100,36,39,9,48
82,100,36,39,12,96
82,100,36,52,3,24
82,100,36,52,6,24
82,100,36,52,9,24
82,100,36,52,12,48
82,100,36,52,15,72
82,100,36,65,3,24
82,100,36,65,6,24
82,100,36,65,9,24
82,100,36,65,12,24
82,100,36,65,15,48
82,100,40,27,3,72
82,100,40,27,6,120
82,100,40,39,3,48
82,100,40,39,6,48
82,100,40,39,9,72
82,100,40,39,12,120
82,100,40,52,3,24
82,100,40,52,6,24
82,100,40,52,9,48
82,100,40,52,12,48
82,100,40,52,15,72
82,100,40,65,3,24
82,100,40,65,6,24
82,100,40,65,9,24
82,100,40,65,12,24
82,100,40,65,15,48
100,10,21,14,3,24
100,10,21,27,3,24
100,10,21,27,6,48
100,10,21,27,9,96
100,10,21,39,3,24
100,10,21,39,6,24
100,10,21,39,9,48
100,10,21,39,12,48
100,10,21,39,15,96
100,10,21,52,3,24
100,10,21,52,6,24
100,10,21,52,9,24
100,10,21,52,12,24
100,10,21,52,15,48
100,10,21,65,3,24
100,10,21,65,6,24
100,10,21,65,9,24
100,10,21,65,12,24
100,10,21,65,15,24
100,10,25,14,3,24
100,10,25,27,3,24
100,10,25,27,6,72
100,10,25,27,9,120
100,10,25,39,3,24
100,10,25,39,6,24
100,10,25,39,9,48
100,10,25,39,12,72
100,10,25,39,15,96
100,10,25,52,3,24
100,10,25,52,6,24
100,10,25,52,9,24
100,10,25,52,12,48
100,10,25,52,15,48
100,10,25,65,3,24
100,10,25,65,6,24
100,10,25,65,9,24
100,10,25,65,12,24
100,10,25,65,15,24
100,10,29,14,3,24
100,10,29,27,3,24
100,10,29,27,6,72
100,10,29,39,3,24
100,10,29,39,6,48
100,10,29,39,9,48
100,10,29,39,12,72
100,10,29,52,3,24
100,10,29,52,6,24
100,10,29,52,9,24
100,10,29,52,12,48
100,10,29,52,15,48
100,10,29,65,3,24
100,10,29,65,6,24
100,10,29,65,9,24
100,10,29,65,12,24
100,10,29,65,15,48
100,10,32,14,3,24
100,10,32,27,3,24
100,10,32,27,6,96
100,10,32,39,3,24
100,10,32,39,6,48
100,10,32,39,9,72
100,10,32,39,12,96
100,10,32,52,3,24
100,10,32,52,6,24
100,10,32,52,9,24
100,10,32,52,12,48
100,10,32,52,15,72
100,10,32,65,3,24
100,10,32,65,6,24
100,10,32,65,9,24
100,10,32,65,12,24
100,10,32,65,15,48
100,10,36,14,3,24
100,10,36,27,3,24
100,10,36,27,6,120
100,10,36,39,3,24
100,10,36,39,6,48
100,10,36,39,9,72
100,10,36,39,12,120
100,10,36,52,3,24
100,10,36,52,6,24
100,10,36,52,9,48
100,10,36,52,12,48
100,10,36,52,15,72
100,10,36,65,3,24
100,10,36,65,6,24
100,10,36,65,9,24
100,10,36,65,12,48
100,10,36,65,15,48
100,10,40,14,3,24
100,10,40,27,3,24
100,10,40,39,3,24
100,10,40,39,6,48
100,10,40,39,9,96
100,10,40,52,3,24
100,10,40,52,6,24
100,10,40,52,9,48
100,10,40,52,12,72
100,10,40,52,15,96
100,10,40,65,3,24
100,10,40,65,6,24
100,10,40,65,9,24
100,10,40,65,12,48
100,10,40,65,15,48
100,28,21,14,3,24
100,28,21,27,3,24
100,28,21,27,6,48
100,28,21,27,9,96
100,28,21,39,3,24
100,28,21,39,6,24
100,28,21,39,9,48
100,28,21,39,12,48
100,28,21,39,15,96
100,28,21,52,3,24
100,28,21,52,6,24
100,28,21,52,9,24
100,28,21,52,12,24
100,28,21,52,15,48
100,28,21,65,3,24
100,28,21,65,6,24
100,28,21,65,9,24
100,28,21,65,12,24
100,28,21,65,15,24
100,28,25,14,3,24
100,28,25,27,3,24
100,28,25,27,6,72
100,28,25,27,9,120
100,28,25,39,3,24
100,28,25,39,6,24
100,28,25,39,9,48
100,28,25,39,12,72
100,28,25,39,15,96
100,28,25,52,3,24
100,28,25,52,6,24
100,28,25,52,9,24
100,28,25,52,12,48
100,28,25,52,15,48
100,28,25,65,3,24
100,28,25,65,6,24
100,28,25,65,9,24
100,28,25,65,12,24
100,28,25,65,15,24
100,28,29,14,3,24
100,28,29,27,3,24
100,28,29,27,6,72
100,28,29,39,3,24
100,28,29,39,6,48
100,28,29,39,9,48
100,28,29,39,12,72
100,28,29,52,3,24
100,28,29,52,6,24
100,28,29,52,9,24
100,28,29,52,12,48
100,28,29,52,15,48
100,28,29,65,3,24
100,28,29,65,6,24
100,28,29,65,9,24
100,28,29,65,12,24
100,28,29,65,15,48
100,28,32,14,3,24
100,28,32,27,3,24
100,28,32,27,6,96
100,28,32,39,3,24
100,28,32,39,6,48
100,28,32,39,9,72
100,28,32,39,12,96
100,28,32,52,3,24
100,28,32,52,6,24
100,28,32,52,9,24
100,28,32,52,12,48
100,28,32,52,15,72
100,28,32,65,3,24
100,28,32,65,6,24
100,28,32,65,9,24
100,28,32,65,12,24
100,28,32,65,15,48
100,28,36,14,3,48
100,28,36,27,3,24
100,28,36,27,6,120
100,28,36,39,3,24
100,28,36,39,6,48
100,28,36,39,9,72
100,28,36,39,12,120
100,28,36,52,3,24
100,28,36,52,6,24
100,28,36,52,9,48
100,28,36,52,12,48
100,28,36,52,15,72
100,28,36,65,3,24
100,28,36,65,6,24
100,28,36,65,9,24
100,28,36,65,12,48
100,28,36,65,15,48
100,28,40,14,3,72
100,28,40,27,3,24
100,28,40,39,3,24
100,28,40,39,6,48
100,28,40,39,9,96
100,28,40,52,3,24
100,28,40,52,6,24
100,28,40,52,9,48
100,28,40,52,12,72
100,28,40,52,15,96
100,28,40,65,3,24
100,28,40,65,6,24
100,28,40,65,9,24
100,28,40,65,12,48
100,28,40,65,15,48
100,46,21,14,3,48
100,46,21,27,3,24
100,46,21,27,6,48
100,46,21,27,9,96
100,46,21,39,3,24
100,46,21,39,6,24
100,46,21,39,9,48
100,46,21,39,12,48
100,46,21,39,15,96
100,46,21,52,3,24
100,46,21,52,6,24
100,46,21,52,9,24
100,46,21,52,12,24
100,46,21,52,15,48
100,46,21,65,3,24
100,46,21,65,6,24
100,46,21,65,9,24
100,46,21,65,12,24
100,46,21,65,15,24
100,46,25,14,3,48
100,46,25,27,3,24
100,46,25,27,6,72
100,46,25,27,9,120
100,46,25,39,3,24
100,46,25,39,6,24
100,46,25,39,9,48
100,46,25,39,12,72
100,46,25,39,15,96
100,46,25,52,3,24
100,46,25,52,6,24
100,46,25,52,9,24
100,46,25,52,12,48
100,46,25,52,15,48
100,46,25,65,3,24
100,46,25,65,6,24
100,46,25,65,9,24
100,46,25,65,12,24
100,46,25,65,15,24
100,46,29,14,3,48
100,46,29,27,3,24
100,46,29,27,6,72
100,46,29,39,3,24
100,46,29,39,6,48
100,46,29,39,9,48
100,46,29,39,12,72
100,46,29,52,3,24
100,46,29,52,6,24
100,46,29,52,9,24
100,46,29,52,12,48
100,46,29,52,15,48
100,46,29,65,3,24
100,46,29,65,6,24
100,46,29,65,9,24
100,46,29,65,12,24
100,46,29,65,15,48
100,46,32,14,3,72
100,46,32,27,3,24
100,46,32,27,6,96
100,46,32,39,3,24
100,46,32,39,6,48
100,46,32,39,9,72
100,46,32,39,12,96
100,46,32,52,3,24
100,46,32,52,6,24
100,46,32,52,9,24
100,46,32,52,12,48
100,46,32,52,15,72
100,46,32,65,3,24
100,46,32,65,6,24
100,46,32,65,9,24
100,46,32,65,12,24
100,46,32,65,15,48
100,46,36,14,3,96
100,46,36,27,3,24
100,46,36,27,6,120
100,46,36,39,3,24
100,46,36,39,6,48
100,46,36,39,9,72
100,46,36,39,12,120
100,46,36,52,3,24
100,46,36,52,6,24
100,46,36,52,9,48
100,46,36,52,12,48
100,46,36,52,15,72
100,46,36,65,3,24
100,46,36,65,6,24
100,46,36,65,9,24
100,46,36,65,12,48
100,46,36,65,15,48
100,46,40,14,3,120
100,46,40,27,3,24
100,46,40,39,3,24
100,46,40,39,6,48
100,46,40,39,9,96
100,46,40,52,3,24
100,46,40,52,6,24
100,46,40,52,9,48
100,46,40,52,12,72
100,46,40,52,15,96
100,46,40,65,3,24
100,46,40,65,6,24
100,46,40,65,9,24
100,46,40,65,12,48
100,46,40,65,15,48
100,64,21,14,3,72
100,64,21,27,3,24
100,64,21,27,6,48
100,64,21,27,9,96
100,64,21,39,3,24
100,64,21,39,6,24
100,64,21,39,9,48
100,64,21,39,12,48
100,64,21,39,15,96
100,64,21,52,3,24
100,64,21,52,6,24
100,64,21,52,9,24
100,64,21,52,12,24
100,64,21,52,15,48
100,64,21,65,3,24
100,64,21,65,6,24
100,64,21,65,9,24
100,64,21,65,12,24
100,64,21,65,15,24
100,64,25,14,3,72
100,64,25,27,3,24
100,64,25,27,6,72
100,64,25,27,9,120
100,64,25,39,3,24
100,64,25,39,6,24
100,64,25,39,9,48
100,64,25,39,12,72
100,64,25,39,15,96
100,64,25,52,3,24
100,64,25,52,6,24
100,64,25,52,9,24
100,64,25,52,12,48
100,64,25,52,15,48
100,64,25,65,3,24
100,64,25,65,6,24
100,64,25,65,9,24
100,64,25,65,12,24
100,64,25,65,15,24
100,64,29,14,3,96
100,64,29,27,3,24
100,64,29,27,6,72
100,64,29,39,3,24
100,64,29,39,6,48
100,64,29,39,9,48
100,64,29,39,12,72
100,64,29,52,3,24
100,64,29,52,6,24
100,64,29,52,9,24
100,64,29,52,12,48
100,64,29,52,15,48
100,64,29,65,3,24
100,64,29,65,6,24
100,64,29,65,9,24
100,64,29,65,12,24
100,64,29,65,15,48
100,64,32,14,3,120
100,64,32,27,3,24
100,64,32,27,6,96
100,64,32,39,3,24
100,64,32,39,6,48
100,64,32,39,9,72
100,64,32,39,12,96
100,64,32,52,3,24
100,64,32,52,6,24
100,64,32,52,9,24
100,64,32,52,12,48
100,64,32,52,15,72
100,64,32,65,3,24
100,64,32,65,6,24
100,64,32,65,9,24
100,64,32,65,12,24
100,64,32,65,15,48
100,64,36,27,3,24
100,64,36,27,6,120
100,64,36,39,3,24
100,64,36,39,6,48
100,64,36,39,9,72
100,64,36,39,12,120
100,64,36,52,3,24
100,64,36,52,6,24
100,64,36,52,9,48
100,64,36,52,12,48
100,64,36,52,15,72
100,64,36,65,3,24
100,64,36,65,6,24
100,64,36,65,9,24
100,64,36,65,12,48
100,64,36,65,15,48
100,64,40,27,3,48
100,64,40,39,3,24
100,64,40,39,6,48
100,64,40,39,9,96
100,64,40,52,3,24
100,64,40,52,6,24
100,64,40,52,9,48
100,64,40,52,12,72
100,64,40,52,15,96
100,64,40,65,3,24
100,64,40,65,6,24
100,64,40,65,9,24
100,64,40,65,12,48
100,64,40,65,15,48
100,82,21,14,3,96
100,82,21,27,3,24
100,82,21,27,6,48
100,82,21,27,9,96
100,82,21,39,3,24
100,82,21,39,6,24
100,82,21,39,9,48
100,82,21,39,12,48
100,82,21,39,15,96
100,82,21,52,3,24
100,82,21,52,6,24
100,82,21,52,9,24
100,82,21,52,12,24
100,82,21,52,15,48
100,82,21,65,3,24
100,82,21,65,6,24
100,82,21,65,9,24
100,82,21,65,12,24
100,82,21,65,15,24
100,82,25,14,3,96
100,82,25,27,3,24
100,82,25,27,6,72
100,82,25,27,9,120
100,82,25,39,3,24
100,82,25,39,6,24
100,82,25,39,9,48
100,82,25,39,12,72
100,82,25,39,15,96
100,82,25,52,3,24
100,82,25,52,6,24
100,82,25,52,9,24
100,82,25,52,12,48
100,82,25,52,15,48
100,82,25,65,3,24
100,82,25,65,6,24
100,82,25,65,9,24
100,82,25,65,12,24
100,82,25,65,15,24
100,82,29,27,3,24
100,82,29,27,6,72
100,82,29,39,3,24
100,82,29,39,6,48
100,82,29,39,9,48
100,82,29,39,12,72
100,82,29,52,3,24
100,82,29,52,6,24
100,82,29,52,9,24
100,82,29,52,12,48
100,82,29,52,15,48
100,82,29,65,3,24
100,82,29,65,6,24
100,82,29,65,9,24
100,82,29,65,12,24
100,82,29,65,15,48
100,82,32,27,3,48
100,82,32,27,6,96
100,82,32,39,3,24
100,82,32,39,6,48
100,82,32,39,9,72
100,82,32,39,12,96
100,82,32,52,3,24
100,82,32,52,6,24
100,82,32,52,9,24
100,82,32,52,12,48
100,82,32,52,15,72
100,82,32,65,3,24
100,82,32,65,6,24
100,82,32,65,9,24
100,82,32,65,12,24
100,82,32,65,15,48
100,82,36,27,3,48
100,82,36,27,6,120
100,82,36,39,3,24
100,82,36,39,6,48
100,82,36,39,9,72
100,82,36,39,12,120
100,82,36,52,3,24
100,82,36,52,6,24
100,82,36,52,9,48
100,82,36,52,12,48
100,82,36,52,15,72
100,82,36,65,3,24
100,82,36,65,6,24
100,82,36,65,9,24
100,82,36,65,12,48
100,82,36,65,15,48
100,82,40,27,3,48
100,82,40,39,3,24
100,82,40,39,6,48
100,82,40,39,9,96
100,82,40,52,3,24
100,82,40,52,6,24
100,82,40,52,9,48
100,82,40,52,12,72
100,82,40,52,15,96
100,82,40,65,3,24
100,82,40,65,6,24
100,82,40,65,9,24
100,82,40,65,12,48
100,82,40,65,15,48
100,100,21,14,3,120
100,100,21,27,3,48
100,100,21,27,6,48
100,100,21,27,9,96
100,100,21,39,3,24
100,100,21,39,6,24
100,100,21,39,9,48
100,100,21,39,12,48
100,100,21,39,15,96
100,100,21,52,3,24
100,100,21,52,6,24
100,100,21,52,9,24
100,100,21,52,12,24
100,100,21,52,15,48
100,100,21,65,3,24
100,100,21,65,6,24
100,100,21,65,9,24
100,100,21,65,12,24
100,100,21,65,15,24
100,100,25,27,3,48
100,100,25,27,6,72
100,100,25,27,9,120
100,100,25,39,3,24
100,100,25,39,6,24
100,100,25,39,9,48
100,100,25,39,12,72
100,100,25,39,15,96
100,100,25,52,3,24
100,100,25,52,6,24
100,100,25,52,9,24
100,100,25,52,12,48
100,100,25,52,15,48
100,100,25,65,3,24
100,100,25,65,6,24
100,100,25,65,9,24
100,100,25,65,12,24
100,100,25,65,15,24
100,100,29,27,3,48
100,100,29,27,6,72
100,100,29,39,3,24
100,100,29,39,6,48
100,100,29,39,9,48
100,100,29,39,12,72
100,100,29,52,3,24
100,100,29,52,6,24
100,100,29,52,9,24
100,100,29,52,12,48
100,100,29,52,15,48
100,100,29,65,3,24
100,100,29,65,6,24
100,100,29,65,9,24
100,100,29,65,12,24
100,100,29,65,15,48
100,100,32,27,3,48
100,100,32,27,6,96
100,100,32,39,3,24
100,100,32,39,6,48
100,100,32,39,9,72
100,100,32,39,12,96
100,100,32,52,3,24
100,100,32,52,6,24
100,100,32,52,9,24
100,100,32,52,12,48
100,100,32,52,15,72
100,100,32,65,3,24
100,100,32,65,6,24
100,100,32,65,9,24
100,100,32,65,12,24
100,100,32,65,15,48
100,100,36,27,3,72
100,100,36,27,6,120
100,100,36,39,3,24
100,100,36,39,6,48
100,100,36,39,9,72
100,100,36,39,12,120
100,100,36,52,3,24
100,100,36,52,6,24
100,100,36,52,9,48
100,100,36,52,12,48
100,100,36,52,15,72
100,100,36,65,3,24
100,100,36,65,6,24
100,100,36,65,9,24
100,100,36,65,12,48
100,100,36,65,15,48
100,100,40,27,3,72
100,100,40,39,3,48
100,100,40,39,6,48
100,100,40,39,9,96
100,100,40,52,3,24
100,100,40,52,6,24
100,100,40,52,9,48
100,100,40,52,12,72
100,100,40,52,15,96
100,100,40,65,3,24
100,100,40,65,6,24
100,100,40,65,9,24
100,100,40,65,12,48
100,100,40,65,15,48